player_id,fixture_id,gameWeek,minutes_played_last5,clean_sheets_last5,bps_last5,player_starts_last5,expected_goals_last5,expected_assists_last5,expected_goal_involvements_last5,expected_goals_conceded_last5,total_points_last5,first_name,last_name,team_id,player_type,difficulty,is_home_team,team name,oppenent team name
1,111,12,0.0,0.0,0.0,0.0,0.0,0.0,0.0,0.0,0.0,Folarin,Balogun,1,4,2,1,Arsenal,Burnley
2,111,12,0.0,0.0,0.0,0.0,0.0,0.0,0.0,0.0,0.0,Cédric,Alves Soares,1,2,2,1,Arsenal,Burnley
3,111,12,0.2,0.0,2.4,0.0,0.0,0.0,0.0,0.0,0.8,Mohamed,Elneny,1,3,2,1,Arsenal,Burnley
4,111,12,8.4,0.0,5.2,0.0,0.158,0.012,0.17,0.0,1.6,Fábio,Ferreira Vieira,1,3,2,1,Arsenal,Burnley
5,111,12,72.0,0.4,15.0,0.8,0.026000000000000002,0.008,0.034,0.7380000000000001,3.4,Gabriel,dos Santos Magalhães,1,2,2,1,Arsenal,Burnley
6,111,12,57.4,0.4,8.8,0.6,0.23600000000000004,0.032,0.26799999999999996,0.366,3.2,Kai,Havertz,1,3,2,1,Arsenal,Burnley
7,116,12,0.0,0.0,0.0,0.0,0.0,0.0,0.0,0.0,0.0,Rob,Holding,8,2,2,1,Crystal Palace,Everton
8,111,12,49.4,0.4,5.0,0.6,0.08,0.048,0.128,0.508,1.6,Gabriel,Fernando de Jesus,1,4,2,1,Arsenal,Burnley
9,111,12,45.6,0.2,7.2,0.6,0.018,0.04,0.05800000000000001,0.5880000000000001,1.4,Jorge Luiz,Frello Filho,1,3,2,1,Arsenal,Burnley
10,111,12,18.0,0.2,5.0,0.2,0.0,0.004,0.004,0.006,1.2,Jakub,Kiwior,1,2,2,1,Arsenal,Burnley
11,111,12,0.0,0.0,0.0,0.0,0.0,0.0,0.0,0.0,0.0,Marcus,Oliveira Alencar,1,3,2,1,Arsenal,Burnley
12,111,12,55.4,0.2,13.2,0.6,0.068,0.156,0.22400000000000003,0.52,2.6,Gabriel,Martinelli Silva,1,3,2,1,Arsenal,Burnley
13,111,12,66.4,0.6,18.0,0.8,0.29,0.022,0.31199999999999994,0.41400000000000003,5.2,Eddie,Nketiah,1,4,2,1,Arsenal,Burnley
14,111,12,51.4,0.4,14.2,0.6,0.174,0.13,0.304,0.516,4.4,Martin,Ødegaard,1,3,2,1,Arsenal,Burnley
15,111,12,3.0,0.0,0.6,0.0,0.0,0.004,0.004,0.0,0.2,Thomas,Partey,1,3,2,1,Arsenal,Burnley
16,111,12,0.0,0.0,0.0,0.0,0.0,0.0,0.0,0.0,0.0,Nicolas,Pépé,1,3,2,1,Arsenal,Burnley
17,111,12,0.0,0.0,0.0,0.0,0.0,0.0,0.0,0.0,0.0,Aaron,Ramsdale,1,1,2,1,Arsenal,Burnley
18,111,12,0.0,0.0,0.0,0.0,0.0,0.0,0.0,0.0,0.0,Rúnar Alex,Rúnarsson,1,1,2,1,Arsenal,Burnley
19,111,12,65.4,0.4,15.6,0.8,0.196,0.184,0.38,0.634,4.4,Bukayo,Saka,1,3,2,1,Arsenal,Burnley
20,111,12,90.0,0.6,20.6,1.0,0.004,0.066,0.06999999999999999,0.744,4.6,William,Saliba,1,2,2,1,Arsenal,Burnley
21,118,12,0.0,0.0,0.0,0.0,0.0,0.0,0.0,0.0,0.0,Albert,Sambi Lokonga,12,3,4,0,Luton,Man Utd
22,111,12,20.6,0.2,3.8,0.2,0.16,0.008,0.168,0.018,1.6,Emile,Smith Rowe,1,3,2,1,Arsenal,Burnley
23,119,12,0.0,0.0,0.0,0.0,0.0,0.0,0.0,0.0,0.0,Nuno,Varela Tavares,16,2,3,0,Nott'm Forest,West Ham
24,111,12,0.0,0.0,0.0,0.0,0.0,0.0,0.0,0.0,0.0,Kieran,Tierney,1,2,2,1,Arsenal,Burnley
25,111,12,39.0,0.0,7.2,0.2,0.066,0.012,0.078,0.324,2.4,Takehiro,Tomiyasu,1,2,2,1,Arsenal,Burnley
26,111,12,18.4,0.0,5.8,0.2,0.074,0.016,0.09,0.088,1.8,Leandro,Trossard,1,3,2,1,Arsenal,Burnley
27,114,12,74.2,0.0,8.8,0.8,0.0,0.004,0.004,1.5539999999999998,0.8,Auston,Trusty,17,2,3,0,Sheffield Utd,Brighton
28,119,12,72.0,0.2,14.4,0.8,0.0,0.0,0.0,1.434,2.4,Matt,Turner,16,1,3,0,Nott'm Forest,West Ham
29,111,12,81.4,0.6,23.6,1.0,0.032,0.046000000000000006,0.078,0.742,6.2,Benjamin,White,1,2,2,1,Arsenal,Burnley
30,111,12,0.0,0.0,0.0,0.0,0.0,0.0,0.0,0.0,0.0,Granit,Xhaka,1,3,2,1,Arsenal,Burnley
31,111,12,58.8,0.6,18.6,0.8,0.044,0.10200000000000001,0.146,0.422,4.4,Oleksandr,Zinchenko,1,2,2,1,Arsenal,Burnley
32,112,12,0.0,0.0,0.0,0.0,0.0,0.0,0.0,0.0,0.0,Alexandre,Moreno Lopera,2,2,2,1,Aston Villa,Fulham
33,114,12,73.4,0.0,9.8,0.8,0.08399999999999999,0.018,0.10200000000000001,1.4460000000000002,3.2,Cameron,Archer,17,4,3,0,Sheffield Utd,Brighton
34,112,12,13.4,0.0,7.2,0.0,0.09,0.033999999999999996,0.124,0.174,2.2,Leon,Bailey,2,3,2,1,Aston Villa,Fulham
35,112,12,0.0,0.0,0.0,0.0,0.0,0.0,0.0,0.0,0.0,Emiliano,Buendía Stati,2,3,2,1,Aston Villa,Fulham
36,112,12,67.8,0.2,14.4,0.8,0.046,0.164,0.21000000000000002,0.8039999999999999,3.0,Matty,Cash,2,2,2,1,Aston Villa,Fulham
37,112,12,0.0,0.0,0.0,0.0,0.0,0.0,0.0,0.0,0.0,Calum,Chambers,2,2,2,1,Aston Villa,Fulham
38,112,12,0.0,0.0,0.0,0.0,0.0,0.0,0.0,0.0,0.0,Philippe,Coutinho Correia,2,3,2,1,Aston Villa,Fulham
39,112,12,0.0,0.0,0.0,0.0,0.0,0.0,0.0,0.0,0.0,Keinan,Davis,2,4,2,1,Aston Villa,Fulham
40,112,12,0.2,0.0,0.2,0.0,0.0,0.0,0.0,0.064,0.2,Leander,Dendoncker,2,3,2,1,Aston Villa,Fulham
41,112,12,20.2,0.0,3.2,0.2,0.0,0.002,0.002,0.312,0.6,Diego Carlos,Santos Silva,2,2,2,1,Aston Villa,Fulham
42,112,12,72.0,0.0,10.2,0.8,0.016,0.128,0.144,0.9059999999999999,1.4,Lucas,Digne,2,2,2,1,Aston Villa,Fulham
43,112,12,71.8,0.0,24.4,0.8,0.274,0.1,0.374,0.844,6.4,Douglas Luiz,Soares de Paulo,2,3,2,1,Aston Villa,Fulham
44,112,12,2.2,0.0,-0.2,0.0,0.0,0.0,0.0,0.02,0.0,Jhon,Durán,2,4,2,1,Aston Villa,Fulham
45,112,12,0.0,0.0,0.0,0.0,0.0,0.0,0.0,0.0,0.0,Kortney,Hause,2,2,2,1,Aston Villa,Fulham
46,112,12,0.0,0.0,0.0,0.0,0.0,0.0,0.0,0.0,0.0,Tim,Iroegbunam,2,3,2,1,Aston Villa,Fulham
47,112,12,67.6,0.2,8.6,0.8,0.0,0.057999999999999996,0.057999999999999996,0.8039999999999999,1.4,Boubacar,Kamara,2,3,2,1,Aston Villa,Fulham
48,112,12,72.0,0.0,11.8,0.8,0.098,0.039999999999999994,0.13799999999999998,0.9059999999999999,2.2,Ezri,Konsa Ngoyo,2,2,2,1,Aston Villa,Fulham
49,112,12,72.0,0.0,11.0,0.8,0.0,0.0,0.0,0.9059999999999999,1.6,Emiliano,Martínez Romero,2,1,2,1,Aston Villa,Fulham
50,112,12,72.0,0.0,14.6,0.8,0.10400000000000001,0.13200000000000003,0.23600000000000004,0.9059999999999999,3.8,John,McGinn,2,3,2,1,Aston Villa,Fulham
51,112,12,0.0,0.0,0.0,0.0,0.0,0.0,0.0,0.0,0.0,Tyrone,Mings,2,2,2,1,Aston Villa,Fulham
52,118,12,87.0,0.0,8.8,1.0,0.018000000000000002,0.036000000000000004,0.054000000000000006,2.1740000000000004,1.8,Marvelous,Nakamba,12,3,4,0,Luton,Man Utd
53,112,12,0.0,0.0,0.0,0.0,0.0,0.0,0.0,0.0,0.0,Robin,Olsen,2,1,2,1,Aston Villa,Fulham
54,112,12,0.0,0.0,0.0,0.0,0.0,0.0,0.0,0.0,0.0,Jaden,Philogene-Bidace,2,3,2,1,Aston Villa,Fulham
55,112,12,6.6,0.0,3.8,0.0,0.014000000000000002,0.008,0.022,0.074,1.2,Jacob,Ramsey,2,3,2,1,Aston Villa,Fulham
56,112,12,0.0,0.0,0.0,0.0,0.0,0.0,0.0,0.0,0.0,Morgan,Sanson,2,3,2,1,Aston Villa,Fulham
57,112,12,0.0,0.0,0.0,0.0,0.0,0.0,0.0,0.0,0.0,Viljami,Sinisalo,2,1,2,1,Aston Villa,Fulham
58,112,12,5.0,0.0,5.2,0.0,0.0,0.01,0.01,0.10800000000000001,1.4,Youri,Tielemans,2,3,2,1,Aston Villa,Fulham
59,112,12,0.2,0.0,0.6,0.0,0.0,0.0,0.0,0.064,0.2,Bertrand,Traoré,2,3,2,1,Aston Villa,Fulham
60,112,12,72.0,0.0,32.2,0.8,0.502,0.20800000000000002,0.71,0.9059999999999999,8.2,Ollie,Watkins,2,4,2,1,Aston Villa,Fulham
61,112,12,0.0,0.0,0.0,0.0,0.0,0.0,0.0,0.0,0.0,Wesley,Moraes Ferreira da Silva,2,4,2,1,Aston Villa,Fulham
62,113,12,0.0,0.0,0.0,0.0,0.0,0.0,0.0,0.0,0.0,Jaidon,Anthony,3,3,4,1,Bournemouth,Newcastle
63,113,12,81.0,0.0,14.4,1.0,0.076,0.162,0.23800000000000004,1.7900000000000003,3.8,Philip,Billing,3,3,4,1,Bournemouth,Newcastle
64,113,12,15.8,0.0,2.0,0.2,0.01,0.014000000000000002,0.024,0.25,0.4,David,Brooks,3,3,4,1,Bournemouth,Newcastle
65,113,12,68.0,0.0,4.2,0.8,0.03,0.039999999999999994,0.06999999999999999,1.566,1.6,Ryan,Christie,3,3,4,1,Bournemouth,Newcastle
66,113,12,41.8,0.0,5.4,0.6,0.0,0.02,0.02,1.814,0.4,Lewis,Cook,3,3,4,1,Bournemouth,Newcastle
67,113,12,0.0,0.0,0.0,0.0,0.0,0.0,0.0,0.0,0.0,Siriki,Dembélé,3,3,4,1,Bournemouth,Newcastle
68,113,12,0.0,0.0,0.0,0.0,0.0,0.0,0.0,0.0,0.0,Ryan,Fredericks,3,2,4,1,Bournemouth,Newcastle
69,113,12,0.0,0.0,0.0,0.0,0.0,0.0,0.0,0.0,0.0,James,Hill,3,2,4,1,Bournemouth,Newcastle
70,113,12,54.0,0.0,7.8,0.6,0.024,0.004,0.028000000000000004,0.9640000000000001,0.4,Lloyd,Kelly,3,2,4,1,Bournemouth,Newcastle
71,113,12,0.0,0.0,0.0,0.0,0.0,0.0,0.0,0.0,0.0,Gavin,Kilkenny,3,3,4,1,Bournemouth,Newcastle
72,113,12,12.6,0.0,1.2,0.2,0.0,0.006,0.006,0.642,0.4,Justin,Kluivert,3,3,4,1,Bournemouth,Newcastle
73,113,12,0.0,0.0,0.0,0.0,0.0,0.0,0.0,0.0,0.0,Jamal,Lowe,3,3,4,1,Bournemouth,Newcastle
74,113,12,0.0,0.0,0.0,0.0,0.0,0.0,0.0,0.0,0.0,Emiliano,Marcondes,3,3,4,1,Bournemouth,Newcastle
75,113,12,27.0,0.0,3.2,0.4,0.018,0.004,0.022,0.352,0.4,Chris,Mepham,3,2,4,1,Bournemouth,Newcastle
76,113,12,5.8,0.0,1.2,0.0,0.04,0.05,0.09,0.20600000000000002,0.4,Kieffer,Moore,3,4,4,1,Bournemouth,Newcastle
77,113,12,54.0,0.0,11.0,0.6,0.0,0.0,0.0,1.6480000000000001,0.8,Norberto,Murara Neto,3,1,4,1,Bournemouth,Newcastle
78,113,12,24.6,0.0,2.6,0.2,0.04,0.046,0.086,0.636,0.6,Dango,Ouattara,3,3,4,1,Bournemouth,Newcastle
79,113,12,0.0,0.0,0.0,0.0,0.0,0.0,0.0,0.0,0.0,Ben,Pearson,3,3,4,1,Bournemouth,Newcastle
80,113,12,0.0,0.0,0.0,0.0,0.0,0.0,0.0,0.0,0.0,Darren,Randolph,3,1,4,1,Bournemouth,Newcastle
81,113,12,29.4,0.0,4.0,0.0,0.006,0.026000000000000002,0.032,1.1179999999999999,1.0,Joe,Rothwell,3,3,4,1,Bournemouth,Newcastle
82,113,12,18.8,0.0,7.6,0.2,0.028000000000000004,0.076,0.10400000000000001,0.32999999999999996,2.2,Antoine,Semenyo,3,4,4,1,Bournemouth,Newcastle
83,113,12,46.0,0.0,6.2,0.4,0.0,0.016,0.016,1.5419999999999998,0.4,Marcos,Senesi,3,2,4,1,Bournemouth,Newcastle
84,113,12,19.4,0.0,3.6,0.2,0.0,0.032,0.032,0.744,0.6,Adam,Smith,3,2,4,1,Bournemouth,Newcastle
85,113,12,87.6,0.0,5.8,1.0,0.268,0.07200000000000002,0.33999999999999997,1.998,2.8,Dominic,Solanke,3,4,4,1,Bournemouth,Newcastle
86,113,12,74.8,0.0,5.6,1.0,0.1,0.08,0.18,1.608,1.8,Marcus,Tavernier,3,3,4,1,Bournemouth,Newcastle
87,113,12,0.0,0.0,0.0,0.0,0.0,0.0,0.0,0.0,0.0,Hamed,Traorè,3,3,4,1,Bournemouth,Newcastle
88,113,12,0.0,0.0,0.0,0.0,0.0,0.0,0.0,0.0,0.0,Mark,Travers,3,1,4,1,Bournemouth,Newcastle
89,113,12,90.0,0.0,13.6,1.0,0.041999999999999996,0.008,0.05,2.2,0.4,Illia,Zabarnyi,3,2,4,1,Bournemouth,Newcastle
90,117,12,84.2,0.4,15.2,1.0,0.05,0.1,0.15,1.336,3.0,Kristoffer,Ajer,4,2,4,0,Brentford,Liverpool
91,117,12,0.0,0.0,0.0,0.0,0.0,0.0,0.0,0.0,0.0,Ellery,Balcombe,4,1,4,0,Brentford,Liverpool
92,117,12,0.0,0.0,0.0,0.0,0.0,0.0,0.0,0.0,0.0,Shandon,Baptiste,4,3,4,0,Brentford,Liverpool
93,117,12,0.0,0.0,0.0,0.0,0.0,0.0,0.0,0.0,0.0,Mads,Bech Sørensen,4,2,4,0,Brentford,Liverpool
94,117,12,0.0,0.0,0.0,0.0,0.0,0.0,0.0,0.0,0.0,Mads,Bidstrup,4,3,4,0,Brentford,Liverpool
95,117,12,0.0,0.0,0.0,0.0,0.0,0.0,0.0,0.0,0.0,Sergi,Canós Tenés,4,3,4,0,Brentford,Liverpool
96,117,12,90.0,0.4,20.6,1.0,0.064,0.004,0.06799999999999999,1.432,4.8,Nathan,Collins,4,2,4,0,Brentford,Liverpool
97,117,12,0.0,0.0,0.0,0.0,0.0,0.0,0.0,0.0,0.0,Matthew,Cox,4,1,4,0,Brentford,Liverpool
98,117,12,0.0,0.0,0.0,0.0,0.0,0.0,0.0,0.0,0.0,Mikkel,Damsgaard,4,3,4,0,Brentford,Liverpool
99,117,12,0.0,0.0,0.0,0.0,0.0,0.0,0.0,0.0,0.0,Josh,Dasilva,4,3,4,0,Brentford,Liverpool
100,117,12,0.0,0.0,0.0,0.0,0.0,0.0,0.0,0.0,0.0,Halil,Dervişoğlu,4,4,4,0,Brentford,Liverpool
101,117,12,63.0,0.4,12.8,0.8,0.0,0.012,0.012,1.0959999999999999,2.8,Mark,Flekken,4,1,4,0,Brentford,Liverpool
102,117,12,0.0,0.0,0.0,0.0,0.0,0.0,0.0,0.0,0.0,Charlie,Goode,4,2,4,0,Brentford,Liverpool
103,117,12,0.0,0.0,0.0,0.0,0.0,0.0,0.0,0.0,0.0,Rico,Henry,4,2,4,0,Brentford,Liverpool
104,117,12,48.2,0.2,4.2,0.6,0.008,0.002,0.01,0.5519999999999999,1.4,Aaron,Hickey,4,2,4,0,Brentford,Liverpool
105,117,12,82.4,0.6,9.2,1.0,0.06000000000000001,0.096,0.156,1.012,2.2,Vitaly,Janelt,4,3,4,0,Brentford,Liverpool
106,117,12,73.0,0.6,17.4,1.0,0.041999999999999996,0.156,0.198,0.9960000000000001,5.2,Mathias,Jensen,4,3,4,0,Brentford,Liverpool
107,117,12,14.8,0.0,1.6,0.2,0.006,0.002,0.008,0.044,0.4,Keane,Lewis-Potter,4,3,4,0,Brentford,Liverpool
108,117,12,90.0,0.4,22.6,1.0,0.454,0.41,0.8640000000000001,1.432,7.2,Bryan,Mbeumo,4,3,4,0,Brentford,Liverpool
109,117,12,0.2,0.0,0.8,0.0,0.0,0.0,0.0,0.004,0.2,Ben,Mee,4,2,4,0,Brentford,Liverpool
110,117,12,90.0,0.4,15.4,1.0,0.26,0.068,0.32799999999999996,1.432,3.4,Christian,Nørgaard,4,3,4,0,Brentford,Liverpool
111,117,12,48.0,0.2,5.4,0.4,0.06999999999999999,0.06200000000000001,0.13199999999999998,1.066,1.6,Frank,Onyeka,4,3,4,0,Brentford,Liverpool
112,117,12,90.0,0.4,23.8,1.0,0.052000000000000005,0.02,0.072,1.432,5.2,Ethan,Pinnock,4,2,4,0,Brentford,Liverpool
113,111,12,90.0,0.6,18.0,1.0,0.0,0.0,0.0,0.744,4.4,David,Raya Martin,1,1,2,1,Arsenal,Burnley
114,117,12,41.2,0.2,10.0,0.4,0.0,0.05600000000000001,0.05600000000000001,0.7899999999999999,2.0,Mads,Roerslev Rasmussen,4,2,4,0,Brentford,Liverpool
115,117,12,0.0,0.0,0.0,0.0,0.0,0.0,0.0,0.0,0.0,Kevin,Schade,4,3,4,0,Brentford,Liverpool
116,117,12,27.0,0.0,4.8,0.2,0.0,0.002,0.002,0.33599999999999997,0.8,Thomas,Strakosha,4,1,4,0,Brentford,Liverpool
117,117,12,0.0,0.0,0.0,0.0,0.0,0.0,0.0,0.0,0.0,Ivan,Toney,4,4,4,0,Brentford,Liverpool
118,117,12,0.0,0.0,0.0,0.0,0.0,0.0,0.0,0.0,0.0,Ryan,Trevitt,4,3,4,0,Brentford,Liverpool
119,117,12,82.4,0.6,15.2,1.0,0.346,0.016,0.362,1.062,3.8,Yoane,Wissa,4,4,4,0,Brentford,Liverpool
120,117,12,8.0,0.0,0.2,0.0,0.11599999999999999,0.0,0.11599999999999999,0.23000000000000004,0.6,Yegor,Yarmolyuk,4,3,4,0,Brentford,Liverpool
121,117,12,0.0,0.0,0.0,0.0,0.0,0.0,0.0,0.0,0.0,Mathias,Jorgensen,4,2,4,0,Brentford,Liverpool
122,114,12,73.4,0.0,8.2,0.8,0.11600000000000002,0.054000000000000006,0.17,0.95,2.8,Simon,Adingra,5,3,2,1,Brighton,Sheffield Utd
123,114,12,0.0,0.0,0.0,0.0,0.0,0.0,0.0,0.0,0.0,Steven,Alzate,5,3,2,1,Brighton,Sheffield Utd
124,114,12,0.0,0.0,0.0,0.0,0.0,0.0,0.0,0.0,0.0,Yasin,Ayari,5,3,2,1,Brighton,Sheffield Utd
125,114,12,6.0,0.0,1.0,0.0,0.016,0.008,0.024,0.094,0.4,Facundo,Buonanotte,5,3,2,1,Brighton,Sheffield Utd
126,115,12,70.0,0.2,9.4,0.8,0.0,0.05600000000000001,0.05600000000000001,0.6839999999999999,1.4,Moisés,Caicedo Corozo,7,3,5,1,Chelsea,Man City
127,114,12,0.0,0.0,0.0,0.0,0.0,0.0,0.0,0.0,0.0,Aaron,Connolly,5,4,2,1,Brighton,Sheffield Utd
128,114,12,18.4,0.0,3.6,0.2,0.0,0.012,0.012,0.128,0.6,Mahmoud,Dahoud,5,3,2,1,Brighton,Sheffield Utd
129,114,12,90.0,0.0,16.2,1.0,0.202,0.062,0.264,1.248,2.0,Lewis,Dunk,5,2,2,1,Brighton,Sheffield Utd
130,114,12,0.0,0.0,0.0,0.0,0.0,0.0,0.0,0.0,0.0,Julio,Enciso,5,3,2,1,Brighton,Sheffield Utd
131,114,12,9.0,0.0,-1.6,0.2,0.098,0.004,0.10200000000000001,0.22999999999999998,-0.4,Pervis,Estupiñán,5,2,2,1,Brighton,Sheffield Utd
132,114,12,64.4,0.0,6.0,0.8,0.042,0.014000000000000002,0.055999999999999994,0.9380000000000001,2.8,Evan,Ferguson,5,4,2,1,Brighton,Sheffield Utd
133,114,12,40.0,0.0,7.2,0.4,0.018,0.06000000000000001,0.078,0.53,1.0,Billy,Gilmour,5,3,2,1,Brighton,Sheffield Utd
134,114,12,72.0,0.0,10.2,0.8,0.07200000000000001,0.074,0.146,0.932,2.4,Pascal,Groß,5,3,2,1,Brighton,Sheffield Utd
135,114,12,50.8,0.0,4.2,0.4,0.18,0.186,0.366,0.768,2.0,João Pedro,Junqueira de Jesus,5,4,2,1,Brighton,Sheffield Utd
136,114,12,0.0,0.0,0.0,0.0,0.0,0.0,0.0,0.0,0.0,Michał,Karbownik,5,2,2,1,Brighton,Sheffield Utd
137,114,12,0.0,0.0,0.0,0.0,0.0,0.0,0.0,0.0,0.0,Kacper,Kozłowski,5,3,2,1,Brighton,Sheffield Utd
138,114,12,20.6,0.0,3.2,0.4,0.0,0.024,0.024,0.128,0.4,Adam,Lallana,5,3,2,1,Brighton,Sheffield Utd
139,114,12,9.0,0.0,2.8,0.0,0.0,0.0,0.0,0.086,0.0,Tariq,Lamptey,5,2,2,1,Brighton,Sheffield Utd
140,114,12,48.2,0.0,9.8,0.6,0.10200000000000001,0.11400000000000002,0.21600000000000003,0.8780000000000001,2.0,Solly,March,5,3,2,1,Brighton,Sheffield Utd
141,114,12,0.0,0.0,0.0,0.0,0.0,0.0,0.0,0.0,0.0,Tom,McGill,5,1,2,1,Brighton,Sheffield Utd
142,114,12,24.6,0.0,4.0,0.4,0.0,0.034,0.034,0.19,0.6,James,Milner,5,3,2,1,Brighton,Sheffield Utd
143,114,12,90.0,0.0,7.6,1.0,0.2,0.1,0.3,1.248,2.6,Kaoru,Mitoma,5,3,2,1,Brighton,Sheffield Utd
144,114,12,0.0,0.0,0.0,0.0,0.0,0.0,0.0,0.0,0.0,Jakub,Moder,5,3,2,1,Brighton,Sheffield Utd
145,115,12,72.0,0.2,13.2,0.8,0.0,0.0,0.0,1.0100000000000002,2.4,Robert,Sánchez,7,1,5,1,Chelsea,Man City
146,114,12,0.0,0.0,0.0,0.0,0.0,0.0,0.0,0.0,0.0,Jeremy,Sarmiento Morante,5,3,2,1,Brighton,Sheffield Utd
147,114,12,0.0,0.0,0.0,0.0,0.0,0.0,0.0,0.0,0.0,Kjell,Scherpen,5,1,2,1,Brighton,Sheffield Utd
148,114,12,54.0,0.0,10.6,0.6,0.0,0.0,0.0,0.608,1.0,Jason,Steele,5,1,2,1,Brighton,Sheffield Utd
149,114,12,0.0,0.0,0.0,0.0,0.0,0.0,0.0,0.0,0.0,Deniz,Undav,5,4,2,1,Brighton,Sheffield Utd
150,114,12,23.6,0.0,4.8,0.2,0.0,0.006,0.006,0.20600000000000002,1.0,Jan Paul,van Hecke,5,2,2,1,Brighton,Sheffield Utd
151,114,12,66.8,0.0,9.4,0.6,0.002,0.038000000000000006,0.04,1.0859999999999999,0.8,Joël,Veltman,5,2,2,1,Brighton,Sheffield Utd
152,114,12,36.0,0.0,7.6,0.4,0.0,0.0,0.0,0.64,1.2,Bart,Verbruggen,5,1,2,1,Brighton,Sheffield Utd
153,114,12,36.0,0.0,6.2,0.4,0.018,0.004,0.022,0.458,0.2,Adam,Webster,5,2,2,1,Brighton,Sheffield Utd
154,114,12,18.0,0.0,0.6,0.4,0.0,0.002,0.002,0.35,0.4,Danny,Welbeck,5,4,2,1,Brighton,Sheffield Utd
155,114,12,0.0,0.0,0.0,0.0,0.0,0.0,0.0,0.0,0.0,Andi,Zeqiri,5,4,2,1,Brighton,Sheffield Utd
156,111,12,0.0,0.0,0.0,0.0,0.0,0.0,0.0,0.0,0.0,Enock,Agyei,6,3,4,0,Burnley,Arsenal
157,111,12,81.0,0.0,7.4,1.0,0.012,0.0,0.012,1.828,0.6,Ameen,Al-Dakhil,6,2,4,0,Burnley,Arsenal
158,111,12,0.0,0.0,0.0,0.0,0.0,0.0,0.0,0.0,0.0,Samuel,Bastien,6,3,4,0,Burnley,Arsenal
159,111,12,0.0,0.0,0.0,0.0,0.0,0.0,0.0,0.0,0.0,Manuel Benson,Hedilazio,6,3,4,0,Burnley,Arsenal
160,111,12,53.0,0.0,8.0,0.6,0.012,0.004,0.016,1.0939999999999999,0.8,Jordan,Beyer,6,2,4,0,Burnley,Arsenal
161,111,12,94.8,0.0,13.6,1.0,0.026000000000000002,0.12600000000000003,0.15200000000000002,1.786,2.2,Josh,Brownhill,6,3,4,0,Burnley,Arsenal
162,111,12,0.0,0.0,0.0,0.0,0.0,0.0,0.0,0.0,0.0,Darko,Churlinov,6,3,4,0,Burnley,Arsenal
163,111,12,0.0,0.0,0.0,0.0,0.0,0.0,0.0,0.0,0.0,Jack,Cork,6,3,4,0,Burnley,Arsenal
164,111,12,0.0,0.0,0.0,0.0,0.0,0.0,0.0,0.0,0.0,Dara,Costelloe,6,3,4,0,Burnley,Arsenal
165,111,12,77.8,0.0,9.2,1.0,0.01,0.026000000000000002,0.036,1.9739999999999998,1.2,Josh,Cullen,6,3,4,0,Burnley,Arsenal
166,111,12,0.0,0.0,0.0,0.0,0.0,0.0,0.0,0.0,0.0,CJ,Egan-Riley,6,2,4,0,Burnley,Arsenal
167,111,12,0.0,0.0,0.0,0.0,0.0,0.0,0.0,0.0,0.0,Hjalmar,Ekdal,6,2,4,0,Burnley,Arsenal
168,111,12,51.8,0.2,9.4,0.6,0.12,0.076,0.196,1.1880000000000002,3.2,Lyle,Foster,6,4,4,0,Burnley,Arsenal
169,111,12,0.0,0.0,0.0,0.0,0.0,0.0,0.0,0.0,0.0,Denis,Franchi,6,1,4,0,Burnley,Arsenal
170,111,12,34.0,0.0,6.6,0.4,0.044,0.172,0.21600000000000003,0.40800000000000003,0.8,Jóhann Berg,Gudmundsson,6,3,4,0,Burnley,Arsenal
171,111,12,0.0,0.0,0.0,0.0,0.0,0.0,0.0,0.0,0.0,Luke,McNally,6,2,4,0,Burnley,Arsenal
172,111,12,0.0,0.0,0.0,0.0,0.0,0.0,0.0,0.0,0.0,Arijanet,Muric,6,1,4,0,Burnley,Arsenal
173,111,12,63.0,0.0,12.0,0.6,0.016,0.016,0.032,1.3800000000000001,1.4,Dara,O'Shea,6,2,4,0,Burnley,Arsenal
174,111,12,0.0,0.0,0.0,0.0,0.0,0.0,0.0,0.0,0.0,Michael,Obafemi,6,4,4,0,Burnley,Arsenal
175,111,12,0.0,0.0,0.0,0.0,0.0,0.0,0.0,0.0,0.0,Bailey,Peacock-Farrell,6,1,4,0,Burnley,Arsenal
176,111,12,56.6,0.0,8.8,0.6,0.0,0.012,0.012,1.6640000000000001,0.6,Connor,Roberts,6,2,4,0,Burnley,Arsenal
177,111,12,35.4,0.0,1.2,0.2,0.084,0.006,0.09,0.592,1.0,Jay,Rodriguez,6,4,4,0,Burnley,Arsenal
178,111,12,108.0,0.0,15.4,1.2,0.019999999999999997,0.028000000000000004,0.048,2.3440000000000003,1.8,Charlie,Taylor,6,2,4,0,Burnley,Arsenal
179,111,12,0.0,0.0,0.0,0.0,0.0,0.0,0.0,0.0,0.0,Bobby,Thomas,6,2,4,0,Burnley,Arsenal
180,111,12,0.0,0.0,0.0,0.0,0.0,0.0,0.0,0.0,0.0,Scott,Twine,6,3,4,0,Burnley,Arsenal
181,111,12,0.0,0.0,0.0,0.0,0.0,0.0,0.0,0.0,0.0,Lawrence,Vigouroux,6,1,4,0,Burnley,Arsenal
182,111,12,48.4,0.0,4.6,0.6,0.002,0.018000000000000002,0.02,0.7280000000000001,0.8,Victor,da Silva,6,2,4,0,Burnley,Arsenal
183,111,12,0.0,0.0,0.0,0.0,0.0,0.0,0.0,0.0,0.0,Wout,Weghorst,6,4,4,0,Burnley,Arsenal
184,111,12,13.8,0.0,1.2,0.2,0.006,0.006,0.012,0.22000000000000003,0.6,Anass,Zaroury,6,3,4,0,Burnley,Arsenal
185,115,12,0.0,0.0,0.0,0.0,0.0,0.0,0.0,0.0,0.0,Ethan,Ampadu,7,2,5,1,Chelsea,Man City
186,119,12,1.4,0.0,0.2,0.0,0.012,0.0,0.012,0.004,0.2,Andrey,Nascimento dos Santos,16,3,3,0,Nott'm Forest,West Ham
187,115,12,0.0,0.0,0.0,0.0,0.0,0.0,0.0,0.0,0.0,Kepa,Arrizabalaga,7,1,5,1,Chelsea,Man City
188,115,12,0.0,0.0,0.0,0.0,0.0,0.0,0.0,0.0,0.0,Pierre-Emerick,Aubameyang,7,4,5,1,Chelsea,Man City
189,115,12,0.0,0.0,0.0,0.0,0.0,0.0,0.0,0.0,0.0,César,Azpilicueta,7,2,5,1,Chelsea,Man City
190,115,12,0.0,0.0,0.0,0.0,0.0,0.0,0.0,0.0,0.0,Abdul Rahman,Baba,7,2,5,1,Chelsea,Man City
191,115,12,0.0,0.0,0.0,0.0,0.0,0.0,0.0,0.0,0.0,Benoît,Badiashile,7,2,5,1,Chelsea,Man City
192,115,12,0.0,0.0,0.0,0.0,0.0,0.0,0.0,0.0,0.0,Marcus,Bettinelli,7,1,5,1,Chelsea,Man City
193,115,12,21.8,0.2,5.0,0.4,0.11399999999999999,0.008,0.122,0.122,1.4,Armando,Broja,7,4,5,1,Chelsea,Man City
194,115,12,0.0,0.0,0.0,0.0,0.0,0.0,0.0,0.0,0.0,Trevoh,Chalobah,7,2,5,1,Chelsea,Man City
195,115,12,0.0,0.0,0.0,0.0,0.0,0.0,0.0,0.0,0.0,Ben,Chilwell,7,2,5,1,Chelsea,Man City
196,115,12,0.0,0.0,0.0,0.0,0.0,0.0,0.0,0.0,0.0,Carney,Chukwuemeka,7,3,5,1,Chelsea,Man City
197,115,12,72.0,0.2,18.0,0.8,0.0,0.022,0.022,1.0100000000000002,3.2,Levi,Colwill,7,2,5,1,Chelsea,Man City
198,115,12,70.0,0.2,11.4,0.8,0.118,0.034,0.152,0.6839999999999999,1.6,Marc,Cucurella Saseta,7,2,5,1,Chelsea,Man City
199,115,12,54.0,0.2,7.0,0.6,0.11000000000000001,0.041999999999999996,0.152,0.5780000000000001,1.2,Enzo,Fernández,7,3,5,1,Chelsea,Man City
200,115,12,0.0,0.0,0.0,0.0,0.0,0.0,0.0,0.0,0.0,David Datro,Fofana,7,4,5,1,Chelsea,Man City
201,115,12,0.0,0.0,0.0,0.0,0.0,0.0,0.0,0.0,0.0,Wesley,Fofana,7,2,5,1,Chelsea,Man City
202,115,12,72.0,0.2,14.6,0.8,0.044000000000000004,0.05800000000000001,0.10200000000000001,1.0100000000000002,3.2,Conor,Gallagher,7,3,5,1,Chelsea,Man City
203,115,12,18.0,0.0,2.8,0.2,0.01,0.002,0.012,0.21200000000000002,0.2,Malo,Gusto,7,2,5,1,Chelsea,Man City
204,113,12,0.0,0.0,0.0,0.0,0.0,0.0,0.0,0.0,0.0,Lewis,Hall,15,2,2,0,Newcastle,Bournemouth
205,119,12,24.8,0.2,1.8,0.4,0.0,0.02,0.02,0.27999999999999997,0.8,Callum,Hudson-Odoi,16,3,3,0,Nott'm Forest,West Ham
206,115,12,5.8,0.0,2.0,0.0,0.014000000000000002,0.062,0.076,0.40599999999999997,0.4,Reece,James,7,2,5,1,Chelsea,Man City
207,115,12,0.0,0.0,0.0,0.0,0.0,0.0,0.0,0.0,0.0,Romelu,Lukaku Bolingoli,7,4,5,1,Chelsea,Man City
208,115,12,14.6,0.0,3.2,0.2,0.024,0.02,0.044,0.184,0.8,Noni,Madueke,7,3,5,1,Chelsea,Man City
209,118,12,39.2,0.0,5.6,0.4,0.04,0.036,0.076,0.754,1.2,Mason,Mount,14,3,2,1,Man Utd,Luton
210,115,12,23.4,0.2,11.8,0.4,0.13799999999999998,0.018,0.15599999999999997,0.152,4.2,Mykhailo,Mudryk,7,3,5,1,Chelsea,Man City
211,115,12,31.8,0.0,6.8,0.2,0.054000000000000006,0.05600000000000001,0.11000000000000001,0.626,1.8,Nicolas,Jackson,7,4,5,1,Chelsea,Man City
212,115,12,0.0,0.0,0.0,0.0,0.0,0.0,0.0,0.0,0.0,Christopher,Nkunku,7,4,5,1,Chelsea,Man City
213,115,12,0.0,0.0,0.0,0.0,0.0,0.0,0.0,0.0,0.0,Christian,Pulisic,7,3,5,1,Chelsea,Man City
214,115,12,0.0,0.0,0.0,0.0,0.0,0.0,0.0,0.0,0.0,Malang,Sarr,7,2,5,1,Chelsea,Man City
215,115,12,0.0,0.0,0.0,0.0,0.0,0.0,0.0,0.0,0.0,Gabriel,Słonina,7,1,5,1,Chelsea,Man City
216,115,12,56.0,0.0,11.2,0.6,0.10400000000000001,0.05800000000000001,0.162,0.8300000000000001,4.0,Raheem,Sterling,7,3,5,1,Chelsea,Man City
217,115,12,72.0,0.2,13.6,0.8,0.012,0.026000000000000002,0.038,1.0100000000000002,2.0,Thiago,Emiliano da Silva,7,2,5,1,Chelsea,Man City
218,115,12,0.0,0.0,0.0,0.0,0.0,0.0,0.0,0.0,0.0,Hakim,Ziyech,7,3,5,1,Chelsea,Man City
219,116,12,8.0,0.0,1.2,0.0,0.0,0.002,0.002,0.154,0.4,Naouirou,Ahamada,8,3,2,1,Crystal Palace,Everton
220,116,12,90.0,0.6,24.2,1.0,0.11600000000000002,0.036000000000000004,0.152,1.5,5.8,Joachim,Andersen,8,2,2,1,Crystal Palace,Everton
221,116,12,90.0,0.6,12.4,1.0,0.158,0.12999999999999998,0.288,1.5,3.8,Jordan,Ayew,8,3,2,1,Crystal Palace,Everton
222,116,12,26.0,0.2,6.0,0.2,0.006,0.002,0.008,0.39,1.6,Nathaniel,Clyne,8,2,2,1,Crystal Palace,Everton
223,116,12,65.4,0.2,7.4,0.8,0.032,0.016,0.048,1.126,1.6,Cheick,Doucouré,8,3,2,1,Crystal Palace,Everton
224,116,12,0.0,0.0,0.0,0.0,0.0,0.0,0.0,0.0,0.0,Malcolm,Ebiowei,8,3,2,1,Crystal Palace,Everton
225,116,12,68.6,0.4,5.2,0.8,0.06000000000000001,0.026000000000000002,0.08600000000000001,1.05,1.2,Odsonne,Edouard,8,4,2,1,Crystal Palace,Everton
226,116,12,23.8,0.2,7.4,0.2,0.008,0.078,0.086,0.43,2.0,Eberechi,Eze,8,3,2,1,Crystal Palace,Everton
227,116,12,0.0,0.0,0.0,0.0,0.0,0.0,0.0,0.0,0.0,Vicente,Guaita,8,1,2,1,Crystal Palace,Everton
228,116,12,90.0,0.6,21.8,1.0,0.10800000000000001,0.006,0.11400000000000002,1.5,4.4,Marc,Guéhi,8,2,2,1,Crystal Palace,Everton
229,116,12,81.6,0.6,8.2,1.0,0.022,0.06400000000000002,0.08600000000000001,1.418,2.4,Will,Hughes,8,3,2,1,Crystal Palace,Everton
230,116,12,90.0,0.6,22.2,1.0,0.0,0.0,0.0,1.5,5.8,Sam,Johnstone,8,1,2,1,Crystal Palace,Everton
231,116,12,50.8,0.2,4.2,0.6,0.002,0.002,0.004,0.8859999999999999,1.2,Jefferson,Lerma Solís,8,3,2,1,Crystal Palace,Everton
232,116,12,50.2,0.4,0.4,0.6,0.06,0.048,0.10800000000000001,0.9640000000000001,1.2,Jean-Philippe,Mateta,8,4,2,1,Crystal Palace,Everton
233,116,12,0.0,0.0,0.0,0.0,0.0,0.0,0.0,0.0,0.0,Remi,Matthews,8,1,2,1,Crystal Palace,Everton
234,116,12,85.8,0.6,20.4,1.0,0.07799999999999999,0.068,0.146,1.45,5.4,Tyrick,Mitchell,8,2,2,1,Crystal Palace,Everton
235,116,12,0.0,0.0,0.0,0.0,0.0,0.0,0.0,0.0,0.0,Jake,O'Brien,8,2,2,1,Crystal Palace,Everton
236,116,12,0.0,0.0,0.0,0.0,0.0,0.0,0.0,0.0,0.0,Michael,Olise,8,3,2,1,Crystal Palace,Everton
237,116,12,0.0,0.0,0.0,0.0,0.0,0.0,0.0,0.0,0.0,Luke,Plange,8,4,2,1,Crystal Palace,Everton
238,116,12,4.2,0.0,2.0,0.0,0.0,0.0,0.0,0.154,0.6,Chris,Richards,8,2,2,1,Crystal Palace,Everton
239,116,12,17.2,0.2,2.0,0.2,0.0,0.006,0.006,0.278,0.8,Jairo,Riedewald,8,3,2,1,Crystal Palace,Everton
240,116,12,46.0,0.4,7.2,0.8,0.19,0.0,0.19,0.45599999999999996,2.8,Jeffrey,Schlupp,8,3,2,1,Crystal Palace,Everton
241,116,12,0.0,0.0,0.0,0.0,0.0,0.0,0.0,0.0,0.0,James,Tomkins,8,2,2,1,Crystal Palace,Everton
242,116,12,67.8,0.4,11.0,0.8,0.028000000000000004,0.008,0.036,1.16,2.0,Joel,Ward,8,2,2,1,Crystal Palace,Everton
243,116,12,0.0,0.0,0.0,0.0,0.0,0.0,0.0,0.0,0.0,Joe,Whitworth,8,1,2,1,Crystal Palace,Everton
244,116,12,0.0,0.0,0.0,0.0,0.0,0.0,0.0,0.0,0.0,André,Tavares Gomes,9,3,2,0,Everton,Crystal Palace
245,116,12,90.0,0.4,16.0,1.0,0.0,0.05600000000000001,0.05600000000000001,1.008,3.4,Jarrad,Branthwaite,9,2,2,0,Everton,Crystal Palace
246,116,12,81.8,0.6,12.6,1.0,0.41600000000000004,0.022,0.438,0.6779999999999999,4.2,Dominic,Calvert-Lewin,9,4,2,0,Everton,Crystal Palace
247,116,12,0.0,0.0,0.0,0.0,0.0,0.0,0.0,0.0,0.0,Seamus,Coleman,9,2,2,0,Everton,Crystal Palace
248,116,12,0.0,0.0,0.0,0.0,0.0,0.0,0.0,0.0,0.0,Dele,Alli,9,3,2,0,Everton,Crystal Palace
249,116,12,83.8,0.4,13.0,1.0,0.36,0.08800000000000001,0.44800000000000006,1.008,3.6,Abdoulaye,Doucouré,9,3,2,0,Everton,Crystal Palace
250,116,12,90.0,0.4,12.6,1.0,0.22199999999999998,0.21000000000000002,0.43200000000000005,1.008,3.4,James,Garner,9,3,2,0,Everton,Crystal Palace
251,116,12,0.0,0.0,0.0,0.0,0.0,0.0,0.0,0.0,0.0,Jean-Philippe,Gbamin,9,3,2,0,Everton,Crystal Palace
252,116,12,0.0,0.0,0.0,0.0,0.0,0.0,0.0,0.0,0.0,Ben,Godfrey,9,2,2,0,Everton,Crystal Palace
253,116,12,0.0,0.0,0.0,0.0,0.0,0.0,0.0,0.0,0.0,Demarai,Gray,9,3,2,0,Everton,Crystal Palace
254,116,12,27.0,0.0,3.2,0.4,0.018,0.004,0.022,0.266,0.4,Idrissa,Gueye,9,3,2,0,Everton,Crystal Palace
255,116,12,0.0,0.0,0.0,0.0,0.0,0.0,0.0,0.0,0.0,Mason,Holgate,9,2,2,0,Everton,Crystal Palace
256,112,12,67.4,0.2,9.4,0.6,0.096,0.072,0.168,0.67,1.6,Alex,Iwobi,10,3,3,0,Fulham,Aston Villa
257,116,12,9.0,0.0,0.0,0.0,0.0,0.004,0.004,0.34199999999999997,0.0,Michael,Keane,9,2,2,0,Everton,Crystal Palace
258,117,12,45.2,0.2,12.0,0.4,0.324,0.086,0.41,1.066,3.4,Neal,Maupay,4,4,4,0,Brentford,Liverpool
259,116,12,79.6,0.4,11.2,1.0,0.096,0.356,0.45200000000000007,0.664,2.2,Dwight,McNeil,9,3,2,0,Everton,Crystal Palace
260,116,12,89.4,0.4,21.8,1.0,0.054000000000000006,0.05,0.10400000000000001,0.8880000000000001,5.8,Vitalii,Mykolenko,9,2,2,0,Everton,Crystal Palace
261,116,12,69.8,0.4,8.4,0.8,0.16199999999999998,0.044000000000000004,0.20600000000000002,0.778,2.0,Amadou,Onana,9,3,2,0,Everton,Crystal Palace
262,116,12,32.0,0.2,8.0,0.2,0.0,0.012,0.012,0.52,1.8,Nathan,Patterson,9,2,2,0,Everton,Crystal Palace
263,116,12,90.0,0.4,19.4,1.0,0.0,0.012,0.012,1.008,3.8,Jordan,Pickford,9,1,2,0,Everton,Crystal Palace
264,116,12,0.0,0.0,0.0,0.0,0.0,0.0,0.0,0.0,0.0,Ellis,Simms,9,4,2,0,Everton,Crystal Palace
265,116,12,90.0,0.4,16.8,1.0,0.04,0.026000000000000002,0.066,1.008,3.0,James,Tarkowski,9,2,2,0,Everton,Crystal Palace
266,116,12,0.0,0.0,0.0,0.0,0.0,0.0,0.0,0.0,0.0,João,Neves Virgínia,9,1,2,0,Everton,Crystal Palace
267,112,12,60.2,0.2,7.0,0.8,0.13399999999999998,0.092,0.22600000000000003,0.8280000000000001,2.2,Andreas,Hoelgebaum Pereira,10,3,3,0,Fulham,Aston Villa
268,112,12,11.4,0.0,4.8,0.0,0.018,0.084,0.10200000000000001,0.122,1.6,Tom,Cairney,10,3,3,0,Fulham,Aston Villa
269,112,12,0.0,0.0,0.0,0.0,0.0,0.0,0.0,0.0,0.0,Ivan,Neves Abreu Cavaleiro,10,3,3,0,Fulham,Aston Villa
270,112,12,40.8,0.0,7.2,0.6,0.172,0.006,0.178,0.554,2.6,Bobby,De Cordova-Reid,10,3,3,0,Fulham,Aston Villa
271,112,12,32.0,0.0,5.6,0.4,0.006,0.002,0.008,0.45600000000000007,0.6,Issa,Diop,10,2,3,0,Fulham,Aston Villa
272,112,12,0.0,0.0,0.0,0.0,0.0,0.0,0.0,0.0,0.0,Tyrese,Francois,10,3,3,0,Fulham,Aston Villa
273,112,12,0.0,0.0,0.0,0.0,0.0,0.0,0.0,0.0,0.0,Anthony,Knockaert,10,3,3,0,Fulham,Aston Villa
274,112,12,0.0,0.0,0.0,0.0,0.0,0.0,0.0,0.0,0.0,Terence,Kongolo,10,2,3,0,Fulham,Aston Villa
275,112,12,90.0,0.0,16.8,1.0,0.0,0.0,0.0,1.1640000000000001,2.2,Bernd,Leno,10,1,3,0,Fulham,Aston Villa
276,112,12,20.2,0.0,1.6,0.2,0.12,0.002,0.122,0.404,1.0,Saša,Lukić,10,3,3,0,Fulham,Aston Villa
277,112,12,0.0,0.0,0.0,0.0,0.0,0.0,0.0,0.0,0.0,Kevin,Mbabu,10,2,3,0,Fulham,Aston Villa
278,112,12,0.0,0.0,0.0,0.0,0.0,0.0,0.0,0.0,0.0,Aleksandar,Mitrović,10,4,3,0,Fulham,Aston Villa
279,112,12,23.8,0.2,0.0,0.2,0.07,0.002,0.07200000000000001,0.21200000000000002,0.6,Rodrigo,Muniz Carvalho,10,4,3,0,Fulham,Aston Villa
280,112,12,88.2,0.0,13.0,1.0,0.09,0.01,0.1,1.1640000000000001,3.2,João,Palhinha Gonçalves,10,3,3,0,Fulham,Aston Villa
281,112,12,90.0,0.0,12.2,1.0,0.0,0.006,0.006,1.1640000000000001,1.6,Tim,Ream,10,2,3,0,Fulham,Aston Villa
282,112,12,30.0,0.0,2.6,0.4,0.002,0.03,0.032,0.506,1.0,Harrison,Reed,10,3,3,0,Fulham,Aston Villa
283,112,12,90.0,0.0,12.0,1.0,0.012,0.11000000000000001,0.12200000000000003,1.1640000000000001,0.8,Antonee,Robinson,10,2,3,0,Fulham,Aston Villa
284,112,12,0.0,0.0,0.0,0.0,0.0,0.0,0.0,0.0,0.0,Marek,Rodák,10,1,3,0,Fulham,Aston Villa
285,112,12,0.0,0.0,0.0,0.0,0.0,0.0,0.0,0.0,0.0,Kenny,Tete,10,2,3,0,Fulham,Aston Villa
286,112,12,0.0,0.0,0.0,0.0,0.0,0.0,0.0,0.0,0.0,Tosin,Adarabioyo,10,2,3,0,Fulham,Aston Villa
287,112,12,34.6,0.0,2.8,0.4,0.06999999999999999,0.01,0.08,0.45999999999999996,1.0,Carlos Vinícius,Alves Morais,10,4,3,0,Fulham,Aston Villa
288,112,12,42.8,0.2,5.4,0.4,0.10200000000000001,0.13,0.23200000000000004,0.538,1.6,Harry,Wilson,10,3,3,0,Fulham,Aston Villa
289,117,12,0.0,0.0,0.0,0.0,0.0,0.0,0.0,0.0,0.0,Adrián,San Miguel del Castillo,11,1,3,1,Liverpool,Brentford
290,117,12,54.6,0.4,13.8,0.6,0.05,0.062,0.11200000000000002,0.5940000000000001,2.6,Trent,Alexander-Arnold,11,2,3,1,Liverpool,Brentford
291,117,12,72.0,0.4,19.6,0.8,0.0,0.0,0.0,0.9960000000000001,4.0,Alisson,Ramses Becker,11,1,3,1,Liverpool,Brentford
292,117,12,0.0,0.0,0.0,0.0,0.0,0.0,0.0,0.0,0.0,Stefan,Bajcetic,11,3,3,1,Liverpool,Brentford
293,117,12,39.4,0.2,12.0,0.4,0.25599999999999995,0.096,0.352,0.4919999999999999,3.8,Darwin,Núñez Ribeiro,11,4,3,1,Liverpool,Brentford
294,117,12,34.0,0.2,4.4,0.4,0.21399999999999997,0.024,0.238,0.396,1.4,Diogo,Teixeira da Silva,11,3,3,1,Liverpool,Brentford
295,117,12,20.8,0.0,3.0,0.2,0.032,0.013999999999999999,0.046,0.198,0.6,Harvey,Elliott,11,3,3,1,Liverpool,Brentford
296,117,12,0.0,0.0,0.0,0.0,0.0,0.0,0.0,0.0,0.0,Fabio Henrique,Tavares,11,3,3,1,Liverpool,Brentford
297,117,12,15.4,0.0,5.8,0.2,0.092,0.014000000000000002,0.10600000000000001,0.278,1.6,Cody,Gakpo,11,4,3,1,Liverpool,Brentford
298,117,12,18.4,0.0,3.6,0.2,0.012,0.004,0.016,0.40199999999999997,0.8,Joe,Gomez,11,2,3,1,Liverpool,Brentford
299,117,12,0.0,0.0,0.0,0.0,0.0,0.0,0.0,0.0,0.0,Jordan,Henderson,11,3,3,1,Liverpool,Brentford
300,117,12,5.0,0.0,-1.4,0.2,0.014000000000000002,0.0,0.014000000000000002,0.834,-0.4,Curtis,Jones,11,3,3,1,Liverpool,Brentford
301,117,12,0.0,0.0,0.0,0.0,0.0,0.0,0.0,0.0,0.0,Caoimhin,Kelleher,11,1,3,1,Liverpool,Brentford
302,117,12,38.0,0.4,10.8,0.4,0.0,0.006,0.006,0.47000000000000003,2.6,Ibrahima,Konaté,11,2,3,1,Liverpool,Brentford
303,117,12,48.4,0.2,5.6,0.6,0.20800000000000002,0.036,0.244,0.772,2.0,Luis,Díaz,11,3,3,1,Liverpool,Brentford
304,117,12,69.8,0.4,9.0,0.8,0.02,0.052000000000000005,0.072,0.9640000000000001,1.6,Alexis,Mac Allister,11,3,3,1,Liverpool,Brentford
305,117,12,37.0,0.0,5.4,0.4,0.004,0.002,0.006,0.6579999999999999,0.4,Joel,Matip,11,2,3,1,Liverpool,Brentford
306,117,12,0.0,0.0,0.0,0.0,0.0,0.0,0.0,0.0,0.0,Nathaniel,Phillips,11,2,3,1,Liverpool,Brentford
307,117,12,36.0,0.0,7.2,0.4,0.01,0.046,0.05600000000000001,0.8800000000000001,0.2,Andrew,Robertson,11,2,3,1,Liverpool,Brentford
308,117,12,68.6,0.4,21.0,0.8,0.694,0.128,0.8219999999999998,0.8639999999999999,8.0,Mohamed,Salah,11,3,3,1,Liverpool,Brentford
309,117,12,72.0,0.4,20.2,0.8,0.041999999999999996,0.314,0.356,0.9960000000000001,4.2,Dominik,Szoboszlai,11,3,3,1,Liverpool,Brentford
310,117,12,0.0,0.0,0.0,0.0,0.0,0.0,0.0,0.0,0.0,Thiago,Alcántara do Nascimento,11,3,3,1,Liverpool,Brentford
311,117,12,30.2,0.4,9.8,0.4,0.0,0.076,0.076,0.11000000000000001,2.4,Konstantinos,Tsimikas,11,2,3,1,Liverpool,Brentford
312,117,12,0.0,0.0,0.0,0.0,0.0,0.0,0.0,0.0,0.0,Sepp,van den Berg,11,2,3,1,Liverpool,Brentford
313,117,12,72.0,0.4,19.8,0.8,0.008,0.038,0.046,0.9960000000000001,3.8,Virgil,van Dijk,11,2,3,1,Liverpool,Brentford
314,118,12,27.6,0.0,10.4,0.2,0.16999999999999998,0.008,0.178,0.54,3.2,Elijah,Adebayo,12,4,4,0,Luton,Man Utd
315,118,12,20.6,0.0,4.0,0.2,0.01,0.0,0.01,0.522,0.4,Mads Juel,Andersen,12,2,4,0,Luton,Man Utd
316,118,12,22.0,0.0,2.2,0.4,0.0,0.002,0.002,0.5860000000000001,0.6,Amari'i,Bell,12,2,4,0,Luton,Man Utd
317,118,12,4.8,0.0,0.6,0.0,0.0,0.0,0.0,0.0,0.2,Luke,Berry,12,3,4,0,Luton,Man Utd
318,118,12,51.6,0.0,7.4,0.6,0.01,0.027999999999999997,0.038,1.546,1.4,Reece,Burke,12,2,4,0,Luton,Man Utd
319,118,12,0.0,0.0,0.0,0.0,0.0,0.0,0.0,0.0,0.0,Allan,Campbell,12,3,4,0,Luton,Man Utd
320,118,12,0.0,0.0,0.0,0.0,0.0,0.0,0.0,0.0,0.0,Jordan,Clark,12,3,4,0,Luton,Man Utd
321,118,12,86.0,0.0,15.2,1.0,0.044,0.162,0.20600000000000002,2.178,2.4,Alfie,Doughty,12,2,4,0,Luton,Man Utd
322,118,12,0.0,0.0,0.0,0.0,0.0,0.0,0.0,0.0,0.0,Luke,Freeman,12,3,4,0,Luton,Man Utd
323,118,12,0.0,0.0,0.0,0.0,0.0,0.0,0.0,0.0,0.0,Matt,Macey,12,1,4,0,Luton,Man Utd
324,118,12,0.0,0.0,0.0,0.0,0.0,0.0,0.0,0.0,0.0,John,McAtee,12,4,4,0,Luton,Man Utd
325,118,12,0.0,0.0,0.0,0.0,0.0,0.0,0.0,0.0,0.0,Carlos,Mendes Gomes,12,3,4,0,Luton,Man Utd
326,118,12,82.6,0.0,6.8,1.0,0.20800000000000002,0.030000000000000006,0.238,2.148,3.0,Carlton,Morris,12,4,4,0,Luton,Man Utd
327,118,12,0.0,0.0,0.0,0.0,0.0,0.0,0.0,0.0,0.0,Admiral,Muskwe,12,4,4,0,Luton,Man Utd
328,118,12,90.0,0.0,14.2,1.0,0.15,0.186,0.33599999999999997,2.258,3.2,Chiedozie,Ogbene,12,4,4,0,Luton,Man Utd
329,118,12,0.0,0.0,0.0,0.0,0.0,0.0,0.0,0.0,0.0,Fred,Onyedinma,12,3,4,0,Luton,Man Utd
330,118,12,11.2,0.0,0.8,0.2,0.0,0.0,0.0,0.394,0.0,Gabriel,Osho,12,2,4,0,Luton,Man Utd
331,118,12,0.0,0.0,0.0,0.0,0.0,0.0,0.0,0.0,0.0,Aribim,Pepple,12,4,4,0,Luton,Man Utd
332,118,12,0.0,0.0,0.0,0.0,0.0,0.0,0.0,0.0,0.0,Dion,Pereira,12,3,4,0,Luton,Man Utd
333,118,12,0.0,0.0,0.0,0.0,0.0,0.0,0.0,0.0,0.0,Dan,Potts,12,2,4,0,Luton,Man Utd
334,118,12,0.0,0.0,0.0,0.0,0.0,0.0,0.0,0.0,0.0,Glen,Rea,12,3,4,0,Luton,Man Utd
335,118,12,0.0,0.0,0.0,0.0,0.0,0.0,0.0,0.0,0.0,James,Shea,12,1,4,0,Luton,Man Utd
336,118,12,0.0,0.0,0.0,0.0,0.0,0.0,0.0,0.0,0.0,Joe,Taylor,12,4,4,0,Luton,Man Utd
337,118,12,0.0,0.0,0.0,0.0,0.0,0.0,0.0,0.0,0.0,Elliot,Thorpe,12,3,4,0,Luton,Man Utd
338,118,12,0.0,0.0,0.0,0.0,0.0,0.0,0.0,0.0,0.0,Jack,Walton,12,1,4,0,Luton,Man Utd
339,118,12,0.0,0.0,0.0,0.0,0.0,0.0,0.0,0.0,0.0,Louie,Watson,12,3,4,0,Luton,Man Utd
340,118,12,7.8,0.0,3.0,0.0,0.041999999999999996,0.002,0.044,0.026000000000000002,0.6,Cauley,Woodrow,12,4,4,0,Luton,Man Utd
341,115,12,54.0,0.0,9.4,0.6,0.018,0.066,0.084,0.40800000000000003,1.6,Manuel,Akanji,13,2,3,0,Man City,Chelsea
342,115,12,52.0,0.0,11.4,0.6,0.13799999999999998,0.012,0.15,0.324,2.6,Nathan,Aké,13,2,3,0,Man City,Chelsea
343,115,12,80.6,0.6,19.6,1.0,0.148,0.252,0.4,0.5920000000000001,4.6,Julián,Álvarez,13,4,3,0,Man City,Chelsea
344,115,12,70.8,0.2,22.2,0.8,0.098,0.246,0.34400000000000003,0.608,4.8,Bernardo,Veiga de Carvalho e Silva,13,3,3,0,Man City,Chelsea
345,115,12,10.0,0.0,6.2,0.0,0.0,0.122,0.122,0.072,1.6,Oscar,Bobb,13,3,3,0,Man City,Chelsea
346,115,12,0.0,0.0,0.0,0.0,0.0,0.0,0.0,0.0,0.0,João,Cancelo,13,2,3,0,Man City,Chelsea
347,115,12,0.0,0.0,0.0,0.0,0.0,0.0,0.0,0.0,0.0,Scott,Carson,13,1,3,0,Man City,Chelsea
348,115,12,0.0,0.0,0.0,0.0,0.0,0.0,0.0,0.0,0.0,Shea,Charles,13,3,3,0,Man City,Chelsea
349,115,12,0.0,0.0,0.0,0.0,0.0,0.0,0.0,0.0,0.0,Kevin,De Bruyne,13,3,3,0,Man City,Chelsea
350,115,12,57.0,0.2,9.2,0.6,0.03,0.062,0.092,0.376,1.6,Rúben,Gato Alves Dias,13,2,3,0,Man City,Chelsea
351,120,12,30.0,0.2,5.2,0.2,0.012,0.013999999999999999,0.026000000000000002,0.08399999999999999,0.8,Tommy,Doyle,20,3,3,1,Wolves,Spurs
352,115,12,72.0,0.2,11.4,0.8,0.0,0.0,0.0,0.53,2.2,Ederson,Santana de Moraes,13,1,3,0,Man City,Chelsea
353,115,12,81.0,0.2,15.6,0.8,0.346,0.144,0.49000000000000005,0.658,3.8,Phil,Foden,13,3,3,0,Man City,Chelsea
354,115,12,22.2,0.2,4.6,0.2,0.034,0.09,0.124,0.20600000000000002,0.8,Jack,Grealish,13,3,3,0,Man City,Chelsea
355,115,12,81.0,0.2,23.6,1.0,0.5599999999999999,0.13799999999999998,0.698,0.5780000000000001,5.8,Erling,Haaland,13,4,3,0,Man City,Chelsea
356,115,12,44.8,0.2,5.2,0.6,0.076,0.03,0.10600000000000001,0.24,1.2,Mateo,Kovačić,13,3,3,0,Man City,Chelsea
357,115,12,0.0,0.0,0.0,0.0,0.0,0.0,0.0,0.0,0.0,Aymeric,Laporte,13,2,3,0,Man City,Chelsea
358,115,12,17.2,0.2,5.2,0.2,0.0,0.018,0.018,0.16,1.4,Rico,Lewis,13,2,3,0,Man City,Chelsea
359,115,12,0.0,0.0,0.0,0.0,0.0,0.0,0.0,0.0,0.0,Riyad,Mahrez,13,3,3,0,Man City,Chelsea
360,114,12,57.0,0.0,9.0,0.6,0.030000000000000006,0.033999999999999996,0.064,0.976,2.6,James,McAtee,17,3,3,0,Sheffield Utd,Brighton
361,115,12,18.0,0.0,2.4,0.2,0.0,0.0,0.0,0.16599999999999998,0.4,Stefan,Ortega Moreno,13,1,3,0,Man City,Chelsea
362,115,12,67.0,0.2,16.4,0.8,0.466,0.24000000000000005,0.7060000000000001,0.884,5.0,Cole,Palmer,7,3,5,1,Chelsea,Man City
363,115,12,0.0,0.0,0.0,0.0,0.0,0.0,0.0,0.0,0.0,Máximo,Perrone,13,3,3,0,Man City,Chelsea
364,115,12,8.8,0.0,1.2,0.0,0.014000000000000002,0.012,0.026000000000000002,0.162,0.4,Kalvin,Phillips,13,3,3,0,Man City,Chelsea
365,115,12,50.0,0.4,11.4,0.6,0.026000000000000002,0.041999999999999996,0.068,0.434,2.6,Rodrigo,Hernandez,13,3,3,0,Man City,Chelsea
366,115,12,0.0,0.0,0.0,0.0,0.0,0.0,0.0,0.0,0.0,Sergio,Gómez,13,2,3,0,Man City,Chelsea
367,115,12,0.0,0.0,0.0,0.0,0.0,0.0,0.0,0.0,0.0,Zack,Steffen,13,1,3,0,Man City,Chelsea
368,115,12,51.2,0.4,14.0,0.6,0.0,0.012,0.012,0.446,3.0,John,Stones,13,2,3,0,Man City,Chelsea
369,115,12,90.0,0.2,17.6,1.0,0.01,0.052000000000000005,0.062,0.696,2.8,Kyle,Walker,13,2,3,0,Man City,Chelsea
370,118,12,0.0,0.0,0.0,0.0,0.0,0.0,0.0,0.0,0.0,Alex,Telles,14,2,2,1,Man Utd,Luton
371,118,12,0.0,0.0,0.0,0.0,0.0,0.0,0.0,0.0,0.0,Amad,Diallo,14,3,2,1,Man Utd,Luton
372,118,12,31.2,0.2,3.6,0.4,0.033999999999999996,0.022,0.05600000000000001,0.49800000000000005,1.2,Antony Matheus,dos Santos,14,3,2,1,Man Utd,Luton
373,118,12,90.0,0.2,19.0,1.0,0.12799999999999997,0.172,0.3,1.6179999999999999,4.6,Bruno,Borges Fernandes,14,3,2,1,Man Utd,Luton
374,118,12,0.0,0.0,0.0,0.0,0.0,0.0,0.0,0.0,0.0,Brandon,Williams,14,2,2,1,Man Utd,Luton
375,118,12,0.0,0.0,0.0,0.0,0.0,0.0,0.0,0.0,0.0,Eric,Bailly,14,2,2,1,Man Utd,Luton
376,118,12,27.0,0.0,1.6,0.4,0.08,0.038,0.118,0.268,0.4,Carlos Henrique,Casimiro,14,3,2,1,Man Utd,Luton
377,118,12,90.0,0.2,20.8,1.0,0.072,0.15,0.22200000000000003,1.6179999999999999,4.4,Diogo,Dalot Teixeira,14,2,2,1,Man Utd,Luton
378,119,12,52.2,0.0,8.2,0.6,0.078,0.09,0.168,1.024,2.8,Anthony,Elanga,16,3,3,0,Nott'm Forest,West Ham
379,118,12,49.6,0.2,10.2,0.4,0.018000000000000002,0.134,0.15199999999999997,1.094,1.6,Christian,Eriksen,14,3,2,1,Man Utd,Luton
380,118,12,0.0,0.0,0.0,0.0,0.0,0.0,0.0,0.0,0.0,Álvaro,Fernández Carreras,14,2,2,1,Man Utd,Luton
381,118,12,0.0,0.0,0.0,0.0,0.0,0.0,0.0,0.0,0.0,Frederico,Rodrigues de Paula Santos,14,3,2,1,Man Utd,Luton
382,118,12,37.8,0.2,3.4,0.2,0.088,0.038,0.126,0.5900000000000001,1.2,Alejandro,Garnacho,14,3,2,1,Man Utd,Luton
383,118,12,0.0,0.0,0.0,0.0,0.0,0.0,0.0,0.0,0.0,Hannibal,Mejbri,14,3,2,1,Man Utd,Luton
384,118,12,0.0,0.0,0.0,0.0,0.0,0.0,0.0,0.0,0.0,Tom,Heaton,14,1,2,1,Man Utd,Luton
385,116,12,0.0,0.0,0.0,0.0,0.0,0.0,0.0,0.0,0.0,Dean,Henderson,8,1,2,1,Crystal Palace,Everton
386,118,12,64.0,0.0,11.6,0.8,0.0,0.046,0.046,1.134,2.0,Victor,Lindelöf,14,2,2,1,Man Utd,Luton
387,118,12,72.6,0.2,16.4,0.8,0.006,0.046,0.052000000000000005,1.456,3.4,Harry,Maguire,14,2,2,1,Man Utd,Luton
388,118,12,0.0,0.0,0.0,0.0,0.0,0.0,0.0,0.0,0.0,Kobbie,Mainoo,14,3,2,1,Man Utd,Luton
389,118,12,0.0,0.0,0.0,0.0,0.0,0.0,0.0,0.0,0.0,Tyrell,Malacia,14,2,2,1,Man Utd,Luton
390,118,12,14.8,0.0,1.8,0.0,0.064,0.012,0.076,0.158,1.0,Anthony,Martial,14,4,2,1,Man Utd,Luton
391,118,12,0.0,0.0,0.0,0.0,0.0,0.0,0.0,0.0,0.0,Lisandro,Martínez,14,2,2,1,Man Utd,Luton
392,118,12,49.0,0.2,17.0,0.6,0.154,0.004,0.15799999999999997,1.2559999999999998,5.2,Scott,McTominay,14,3,2,1,Man Utd,Luton
393,118,12,67.0,0.0,7.2,0.6,0.018,0.006,0.024,1.4060000000000001,1.0,Teden,Mengi,12,2,4,0,Luton,Man Utd
394,118,12,17.4,0.0,3.4,0.2,0.008,0.018000000000000002,0.026000000000000002,0.10400000000000001,1.2,Facundo,Pellistri Rebollo,14,3,2,1,Man Utd,Luton
395,118,12,18.6,0.0,5.6,0.2,0.02,0.02,0.04,0.168,0.8,Raphaël,Varane,14,2,2,1,Man Utd,Luton
396,118,12,62.0,0.0,5.4,0.8,0.242,0.04,0.282,1.286,1.6,Marcus,Rashford,14,3,2,1,Man Utd,Luton
397,118,12,0.0,0.0,0.0,0.0,0.0,0.0,0.0,0.0,0.0,Jadon,Sancho,14,3,2,1,Man Utd,Luton
398,118,12,0.0,0.0,0.0,0.0,0.0,0.0,0.0,0.0,0.0,Luke,Shaw,14,2,2,1,Man Utd,Luton
399,118,12,0.0,0.0,0.0,0.0,0.0,0.0,0.0,0.0,0.0,Shola,Shoretire,14,4,2,1,Man Utd,Luton
400,118,12,0.4,0.0,0.6,0.0,0.008,0.006,0.014000000000000002,0.0,0.2,Donny,van de Beek,14,3,2,1,Man Utd,Luton
401,118,12,18.0,0.2,5.8,0.2,0.0,0.002,0.002,0.202,1.6,Aaron,Wan-Bissaka,14,2,2,1,Man Utd,Luton
402,113,12,64.8,0.4,12.4,0.8,0.048,0.033999999999999996,0.082,0.8099999999999999,3.4,Miguel,Almirón Rejala,15,3,2,0,Newcastle,Bournemouth
403,113,12,32.6,0.2,2.2,0.4,0.136,0.014000000000000002,0.15,0.382,1.2,Elliot,Anderson,15,3,2,0,Newcastle,Bournemouth
404,113,12,0.0,0.0,0.0,0.0,0.0,0.0,0.0,0.0,0.0,Harrison,Ashby,15,2,2,0,Newcastle,Bournemouth
405,113,12,0.0,0.0,0.0,0.0,0.0,0.0,0.0,0.0,0.0,Sven,Botman,15,2,2,0,Newcastle,Bournemouth
406,113,12,85.6,0.6,13.0,1.0,0.041999999999999996,0.088,0.13,0.76,2.2,Bruno,Guimarães Rodriguez Moura,15,3,2,0,Newcastle,Bournemouth
407,113,12,81.0,0.4,13.6,1.0,0.07999999999999999,0.041999999999999996,0.12200000000000003,0.8860000000000001,2.8,Dan,Burn,15,2,2,0,Newcastle,Bournemouth
408,113,12,0.0,0.0,0.0,0.0,0.0,0.0,0.0,0.0,0.0,Karl,Darlow,15,1,2,0,Newcastle,Bournemouth
409,113,12,0.0,0.0,0.0,0.0,0.0,0.0,0.0,0.0,0.0,Martin,Dubravka,15,1,2,0,Newcastle,Bournemouth
410,113,12,0.0,0.0,0.0,0.0,0.0,0.0,0.0,0.0,0.0,Ryan,Fraser,15,3,2,0,Newcastle,Bournemouth
411,113,12,0.0,0.0,0.0,0.0,0.0,0.0,0.0,0.0,0.0,Mark,Gillespie,15,1,2,0,Newcastle,Bournemouth
412,113,12,67.8,0.6,12.6,0.8,0.294,0.026000000000000002,0.32,0.516,4.4,Anthony,Gordon,15,3,2,0,Newcastle,Bournemouth
413,113,12,0.0,0.0,0.0,0.0,0.0,0.0,0.0,0.0,0.0,Isaac,Hayden,15,3,2,0,Newcastle,Bournemouth
414,113,12,0.0,0.0,0.0,0.0,0.0,0.0,0.0,0.0,0.0,Jeff,Hendrick,15,3,2,0,Newcastle,Bournemouth
415,113,12,39.0,0.2,15.2,0.4,0.686,0.008,0.6940000000000001,0.522,4.0,Alexander,Isak,15,4,2,0,Newcastle,Bournemouth
416,113,12,52.8,0.4,10.4,0.6,0.084,0.016,0.1,0.48200000000000004,3.0,Joelinton Cássio,Apolinário de Lira,15,3,2,0,Newcastle,Bournemouth
417,113,12,0.0,0.0,0.0,0.0,0.0,0.0,0.0,0.0,0.0,Emil,Krafth,15,2,2,0,Newcastle,Bournemouth
418,113,12,0.0,0.0,0.0,0.0,0.0,0.0,0.0,0.0,0.0,Garang,Kuol,15,3,2,0,Newcastle,Bournemouth
419,113,12,90.0,0.6,18.6,1.0,0.033999999999999996,0.008,0.041999999999999996,0.9240000000000002,4.4,Jamaal,Lascelles,15,2,2,0,Newcastle,Bournemouth
420,113,12,0.0,0.0,0.0,0.0,0.0,0.0,0.0,0.0,0.0,Jamal,Lewis,15,2,2,0,Newcastle,Bournemouth
421,113,12,90.0,0.6,11.6,1.0,0.16999999999999998,0.09000000000000001,0.25999999999999995,0.9240000000000002,2.8,Sean,Longstaff,15,3,2,0,Newcastle,Bournemouth
422,113,12,0.0,0.0,0.0,0.0,0.0,0.0,0.0,0.0,0.0,Javier,Manquillo Gaitán,15,2,2,0,Newcastle,Bournemouth
423,113,12,23.0,0.2,13.2,0.2,0.02,0.074,0.094,0.258,4.0,Jacob,Murphy,15,3,2,0,Newcastle,Bournemouth
424,113,12,90.0,0.6,20.4,1.0,0.0,0.0,0.0,0.9240000000000002,4.4,Nick,Pope,15,1,2,0,Newcastle,Bournemouth
425,113,12,2.2,0.0,0.8,0.0,0.0,0.0,0.0,0.006,0.2,Matt,Ritchie,15,3,2,0,Newcastle,Bournemouth
426,113,12,0.0,0.0,0.0,0.0,0.0,0.0,0.0,0.0,0.0,Allan,Saint-Maximin,15,3,2,0,Newcastle,Bournemouth
427,113,12,90.0,0.6,25.4,1.0,0.08800000000000001,0.06999999999999999,0.158,0.9240000000000002,5.0,Fabian,Schär,15,2,2,0,Newcastle,Bournemouth
428,113,12,0.2,0.0,0.6,0.0,0.0,0.0,0.0,0.0,0.2,Matt,Targett,15,2,2,0,Newcastle,Bournemouth
429,113,12,26.6,0.0,4.2,0.2,0.0,0.008,0.008,0.46799999999999997,0.8,Sandro,Tonali,15,3,2,0,Newcastle,Bournemouth
430,113,12,85.6,0.6,29.2,1.0,0.008,0.4600000000000001,0.4680000000000001,0.76,7.4,Kieran,Trippier,15,2,2,0,Newcastle,Bournemouth
431,113,12,0.0,0.0,0.0,0.0,0.0,0.0,0.0,0.0,0.0,Kell,Watts,15,2,2,0,Newcastle,Bournemouth
432,113,12,9.2,0.0,1.2,0.0,0.0,0.088,0.088,0.02,0.4,Joe,Willock,15,3,2,0,Newcastle,Bournemouth
433,113,12,44.8,0.4,15.8,0.6,0.49000000000000005,0.004,0.49400000000000005,0.396,4.4,Callum,Wilson,15,4,2,0,Newcastle,Bournemouth
434,119,12,0.0,0.0,0.0,0.0,0.0,0.0,0.0,0.0,0.0,Brandon,Aguilera Zamora,16,3,3,0,Nott'm Forest,West Ham
435,119,12,0.0,0.0,0.0,0.0,0.0,0.0,0.0,0.0,0.0,Harry,Arter,16,3,3,0,Nott'm Forest,West Ham
436,119,12,62.4,0.0,8.0,0.8,0.016,0.022,0.038,1.2280000000000002,1.2,Serge,Aurier,16,2,3,0,Nott'm Forest,West Ham
437,119,12,20.2,0.0,2.2,0.2,0.0,0.004,0.004,0.27599999999999997,0.6,Taiwo,Awoniyi,16,4,3,0,Nott'm Forest,West Ham
438,119,12,0.0,0.0,0.0,0.0,0.0,0.0,0.0,0.0,0.0,Giulian,Biancone,16,2,3,0,Nott'm Forest,West Ham
439,119,12,65.0,0.4,14.8,0.8,0.046,0.018000000000000002,0.06400000000000002,1.1119999999999999,3.0,Willy,Boly,16,2,3,0,Nott'm Forest,West Ham
440,119,12,0.0,0.0,0.0,0.0,0.0,0.0,0.0,0.0,0.0,Josh,Bowler,16,3,3,0,Nott'm Forest,West Ham
441,119,12,0.0,0.0,0.0,0.0,0.0,0.0,0.0,0.0,0.0,Steve,Cook,16,2,3,0,Nott'm Forest,West Ham
442,119,12,0.0,0.0,0.0,0.0,0.0,0.0,0.0,0.0,0.0,Danilo,dos Santos de Oliveira,16,3,3,0,Nott'm Forest,West Ham
443,119,12,0.0,0.0,0.0,0.0,0.0,0.0,0.0,0.0,0.0,Emmanuel,Dennis,16,4,3,0,Nott'm Forest,West Ham
444,119,12,0.0,0.0,0.0,0.0,0.0,0.0,0.0,0.0,0.0,Mohamed,Dräger,16,2,3,0,Nott'm Forest,West Ham
445,119,12,0.0,0.0,0.0,0.0,0.0,0.0,0.0,0.0,0.0,Felipe Augusto,de Almeida Monteiro,16,2,3,0,Nott'm Forest,West Ham
446,119,12,0.0,0.0,0.0,0.0,0.0,0.0,0.0,0.0,0.0,Remo,Freuler,16,3,3,0,Nott'm Forest,West Ham
447,119,12,58.2,0.2,8.6,0.6,0.054000000000000006,0.13,0.184,1.266,1.4,Morgan,Gibbs-White,16,3,3,0,Nott'm Forest,West Ham
448,119,12,0.0,0.0,0.0,0.0,0.0,0.0,0.0,0.0,0.0,Wayne,Hennessey,16,1,3,0,Nott'm Forest,West Ham
449,119,12,0.0,0.0,0.0,0.0,0.0,0.0,0.0,0.0,0.0,Ethan,Horvath,16,1,3,0,Nott'm Forest,West Ham
450,120,12,7.0,0.0,4.0,0.0,0.0,0.072,0.072,0.21000000000000002,0.8,Brennan,Johnson,18,3,2,0,Spurs,Wolves
451,119,12,6.4,0.0,1.6,0.0,0.01,0.002,0.012,0.386,0.6,Cheikhou,Kouyaté,16,3,3,0,Nott'm Forest,West Ham
452,119,12,0.0,0.0,0.0,0.0,0.0,0.0,0.0,0.0,0.0,Richie,Laryea,16,2,3,0,Nott'm Forest,West Ham
453,119,12,68.8,0.2,10.0,0.8,0.02,0.008,0.027999999999999997,1.4300000000000002,1.6,Orel,Mangala,16,3,3,0,Nott'm Forest,West Ham
454,119,12,0.0,0.0,0.0,0.0,0.0,0.0,0.0,0.0,0.0,Loïc,Mbe Soh,16,2,3,0,Nott'm Forest,West Ham
455,119,12,0.0,0.0,0.0,0.0,0.0,0.0,0.0,0.0,0.0,Scott,McKenna,16,2,3,0,Nott'm Forest,West Ham
456,119,12,0.0,0.0,0.0,0.0,0.0,0.0,0.0,0.0,0.0,Alex,Mighten,16,3,3,0,Nott'm Forest,West Ham
457,119,12,29.0,0.0,0.6,0.4,0.0,0.002,0.002,1.1400000000000001,-0.2,Moussa,Niakhaté,16,2,3,0,Nott'm Forest,West Ham
458,119,12,0.0,0.0,0.0,0.0,0.0,0.0,0.0,0.0,0.0,Lewis,O'Brien,16,3,3,0,Nott'm Forest,West Ham
459,119,12,0.0,0.0,0.0,0.0,0.0,0.0,0.0,0.0,0.0,Braian,Ojeda Rodríguez,16,3,3,0,Nott'm Forest,West Ham
460,119,12,0.0,0.0,0.0,0.0,0.0,0.0,0.0,0.0,0.0,Jonathan,Panzo,16,2,3,0,Nott'm Forest,West Ham
461,119,12,0.0,0.0,0.0,0.0,0.0,0.0,0.0,0.0,0.0,Omar,Richards,16,2,3,0,Nott'm Forest,West Ham
462,119,12,0.0,0.0,0.0,0.0,0.0,0.0,0.0,0.0,0.0,Gustavo Henrique,Furtado Scarpa,16,3,3,0,Nott'm Forest,West Ham
463,119,12,0.0,0.0,0.0,0.0,0.0,0.0,0.0,0.0,0.0,Jonjo,Shelvey,16,3,3,0,Nott'm Forest,West Ham
464,119,12,0.0,0.0,0.0,0.0,0.0,0.0,0.0,0.0,0.0,Sam,Surridge,16,4,3,0,Nott'm Forest,West Ham
465,119,12,46.2,0.2,11.0,0.4,0.07,0.024,0.094,0.782,2.4,Harry,Toffolo,16,2,3,0,Nott'm Forest,West Ham
466,119,12,0.0,0.0,0.0,0.0,0.0,0.0,0.0,0.0,0.0,Hwang,Ui-jo,16,4,3,0,Nott'm Forest,West Ham
467,119,12,1.8,0.0,1.2,0.0,0.0,0.008,0.008,0.122,0.4,Neco,Williams,16,2,3,0,Nott'm Forest,West Ham
468,119,12,34.8,0.2,10.8,0.4,0.396,0.008,0.404,0.6639999999999999,3.2,Chris,Wood,16,4,3,0,Nott'm Forest,West Ham
469,119,12,2.4,0.0,1.0,0.0,0.0,0.0,0.0,0.22000000000000003,0.0,Joe,Worrall,16,2,3,0,Nott'm Forest,West Ham
470,119,12,9.4,0.0,1.8,0.0,0.01,0.028000000000000004,0.038,0.328,0.4,Ryan,Yates,16,3,3,0,Nott'm Forest,West Ham
471,114,12,36.0,0.0,5.2,0.4,0.052000000000000005,0.006,0.057999999999999996,0.8560000000000001,0.4,Anel,Ahmedhodžić,17,2,3,0,Sheffield Utd,Brighton
472,114,12,0.0,0.0,0.0,0.0,0.0,0.0,0.0,0.0,0.0,Jordan,Amissah,17,1,3,0,Sheffield Utd,Brighton
473,114,12,21.8,0.0,3.2,0.2,0.0,0.0,0.0,0.53,0.8,George,Baldock,17,2,3,0,Sheffield Utd,Brighton
474,114,12,13.6,0.0,1.6,0.2,0.004,0.004,0.008,0.26399999999999996,0.4,Chris,Basham,17,2,3,0,Sheffield Utd,Brighton
475,111,12,90.4,0.0,12.0,1.0,0.142,0.032,0.174,2.0540000000000003,3.0,Sander,Berge,6,3,4,0,Burnley,Arsenal
476,114,12,83.6,0.0,6.4,1.0,0.10600000000000001,0.019999999999999997,0.12600000000000003,1.53,1.6,Jayden,Bogle,17,2,3,0,Sheffield Utd,Brighton
477,114,12,32.6,0.0,2.0,0.4,0.006,0.01,0.016,0.734,1.0,Rhian,Brewster,17,4,3,0,Sheffield Utd,Brighton
478,114,12,0.0,0.0,0.0,0.0,0.0,0.0,0.0,0.0,0.0,Ismaila,Coulibaly,17,3,3,0,Sheffield Utd,Brighton
479,114,12,0.0,0.0,0.0,0.0,0.0,0.0,0.0,0.0,0.0,Adam,Davies,17,1,3,0,Sheffield Utd,Brighton
480,114,12,11.0,0.0,0.8,0.2,0.014000000000000002,0.0,0.014000000000000002,0.306,0.0,John,Egan,17,2,3,0,Sheffield Utd,Brighton
481,114,12,3.8,0.0,0.8,0.0,0.0,0.002,0.002,0.264,0.2,John,Fleck,17,3,3,0,Sheffield Utd,Brighton
482,114,12,90.0,0.0,14.4,1.0,0.0,0.0,0.0,1.888,1.4,Wes,Foderingham,17,1,3,0,Sheffield Utd,Brighton
483,114,12,0.0,0.0,0.0,0.0,0.0,0.0,0.0,0.0,0.0,Daniel,Jebbison,17,4,3,0,Sheffield Utd,Brighton
484,114,12,0.0,0.0,0.0,0.0,0.0,0.0,0.0,0.0,0.0,Max,Lowe,17,2,3,0,Sheffield Utd,Brighton
485,114,12,46.2,0.0,6.0,0.6,0.26,0.054000000000000006,0.312,0.968,1.8,Oliver,McBurnie,17,4,3,0,Sheffield Utd,Brighton
486,114,12,0.0,0.0,0.0,0.0,0.0,0.0,0.0,0.0,0.0,Iliman,Ndiaye,17,4,3,0,Sheffield Utd,Brighton
487,114,12,0.0,0.0,0.0,0.0,0.0,0.0,0.0,0.0,0.0,Rhys,Norrington-Davies,17,2,3,0,Sheffield Utd,Brighton
488,114,12,72.0,0.0,12.4,0.8,0.178,0.06,0.238,1.4600000000000002,2.8,Oliver,Norwood,17,3,3,0,Sheffield Utd,Brighton
489,114,12,8.8,0.0,1.4,0.0,0.0,0.013999999999999999,0.013999999999999999,0.28800000000000003,0.4,Ben,Osborn,17,3,3,0,Sheffield Utd,Brighton
490,114,12,0.0,0.0,0.0,0.0,0.0,0.0,0.0,0.0,0.0,William,Osula,17,4,3,0,Sheffield Utd,Brighton
491,120,12,0.0,0.0,0.0,0.0,0.0,0.0,0.0,0.0,0.0,Brandon,Austin,18,1,2,0,Spurs,Wolves
492,120,12,0.2,0.0,0.6,0.0,0.014000000000000002,0.0,0.014000000000000002,0.034,0.2,Rodrigo,Bentancur,18,3,2,0,Spurs,Wolves
493,120,12,40.0,0.2,4.0,0.6,0.02,0.10200000000000001,0.12200000000000003,0.674,0.4,Yves,Bissouma,18,3,2,0,Spurs,Wolves
494,120,12,0.2,0.0,0.4,0.0,0.0,0.0,0.0,0.034,0.2,Bryan,Gil Salvatierra,18,3,2,0,Spurs,Wolves
495,120,12,12.0,0.0,3.0,0.2,0.0,0.002,0.002,0.06000000000000001,0.6,Ben,Davies,18,2,2,0,Spurs,Wolves
496,120,12,0.0,0.0,0.0,0.0,0.0,0.0,0.0,0.0,0.0,Eric,Dier,18,2,2,0,Spurs,Wolves
497,120,12,18.6,0.0,4.6,0.0,0.004,0.05600000000000001,0.06,0.27199999999999996,0.6,Emerson,Leite de Souza Junior,18,2,2,0,Spurs,Wolves
498,120,12,0.0,0.0,0.0,0.0,0.0,0.0,0.0,0.0,0.0,Fraser,Forster,18,1,2,0,Spurs,Wolves
499,120,12,32.4,0.2,4.8,0.2,0.028000000000000004,0.018,0.044000000000000004,0.396,0.8,Pierre-Emile,Højbjerg,18,3,2,0,Spurs,Wolves
500,120,12,0.0,0.0,0.0,0.0,0.0,0.0,0.0,0.0,0.0,Harry,Kane,18,4,2,0,Spurs,Wolves
501,120,12,71.8,0.6,8.2,0.8,0.07200000000000001,0.156,0.22800000000000004,0.728,2.2,Dejan,Kulusevski,18,3,2,0,Spurs,Wolves
502,120,12,0.0,0.0,0.0,0.0,0.0,0.0,0.0,0.0,0.0,Hugo,Lloris,18,1,2,0,Spurs,Wolves
503,120,12,1.6,0.0,0.6,0.0,0.0,0.0,0.0,0.172,0.2,Giovani,Lo Celso,18,3,2,0,Spurs,Wolves
504,120,12,66.6,0.6,16.2,0.8,0.20400000000000001,0.172,0.376,0.5359999999999999,4.6,James,Maddison,18,3,2,0,Spurs,Wolves
505,120,12,0.0,0.0,0.0,0.0,0.0,0.0,0.0,0.0,0.0,Tanguy,Ndombélé Alvaro,18,3,2,0,Spurs,Wolves
506,120,12,72.0,0.4,20.6,0.8,0.084,0.038,0.12200000000000003,0.7660000000000001,4.2,Pedro,Porro,18,2,2,0,Spurs,Wolves
507,120,12,0.0,0.0,0.0,0.0,0.0,0.0,0.0,0.0,0.0,Ivan,Perišić,18,2,2,0,Spurs,Wolves
508,118,12,3.4,0.0,0.6,0.0,0.0,0.0,0.0,0.22999999999999998,0.2,Sergio,Reguilón,14,2,2,1,Man Utd,Luton
509,120,12,55.6,0.4,5.2,0.8,0.356,0.11999999999999997,0.476,0.404,3.0,Richarlison,de Andrade,18,3,2,0,Spurs,Wolves
510,120,12,0.0,0.0,0.0,0.0,0.0,0.0,0.0,0.0,0.0,Joe,Rodon,18,2,2,0,Spurs,Wolves
511,120,12,72.0,0.4,20.4,0.8,0.02,0.074,0.094,0.7660000000000001,4.2,Cristian,Romero,18,2,2,0,Spurs,Wolves
512,120,12,0.0,0.0,0.0,0.0,0.0,0.0,0.0,0.0,0.0,Davinson,Sánchez,18,2,2,0,Spurs,Wolves
513,120,12,64.6,0.4,13.0,0.8,0.014000000000000002,0.036000000000000004,0.05,0.5940000000000001,2.0,Pape Matar,Sarr,18,3,2,0,Spurs,Wolves
514,120,12,0.0,0.0,0.0,0.0,0.0,0.0,0.0,0.0,0.0,Ryan,Sessegnon,18,2,2,0,Spurs,Wolves
515,120,12,9.8,0.0,2.2,0.0,0.0,0.0,0.0,0.198,0.6,Oliver,Skipp,18,3,2,0,Spurs,Wolves
516,120,12,62.8,0.4,19.2,0.8,0.44000000000000006,0.18000000000000002,0.62,0.56,6.8,Son,Heung-min,18,3,2,0,Spurs,Wolves
517,120,12,0.0,0.0,0.0,0.0,0.0,0.0,0.0,0.0,0.0,Djed,Spence,18,2,2,0,Spurs,Wolves
518,120,12,0.0,0.0,0.0,0.0,0.0,0.0,0.0,0.0,0.0,Japhet,Tanganga,18,2,2,0,Spurs,Wolves
519,120,12,43.6,0.2,7.0,0.6,0.018,0.052000000000000005,0.07,0.462,1.6,Destiny,Udogie,18,2,2,0,Spurs,Wolves
520,120,12,72.0,0.4,16.2,0.8,0.0,0.0,0.0,0.7660000000000001,3.8,Guglielmo,Vicario,18,1,2,0,Spurs,Wolves
521,120,12,0.0,0.0,0.0,0.0,0.0,0.0,0.0,0.0,0.0,Alfie,Whiteman,18,1,2,0,Spurs,Wolves
522,119,12,90.0,0.2,13.8,1.0,0.09,0.008,0.098,1.452,2.0,Nayef,Aguerd,19,2,2,1,West Ham,Nott'm Forest
523,119,12,70.6,0.2,8.4,1.0,0.13399999999999998,0.16,0.294,1.2560000000000002,2.8,Michail,Antonio,19,4,2,1,West Ham,Nott'm Forest
524,119,12,90.0,0.2,15.0,1.0,0.0,0.0,0.0,1.452,2.4,Alphonse,Areola,19,1,2,1,West Ham,Nott'm Forest
525,119,12,25.8,0.0,3.2,0.2,0.026000000000000002,0.042,0.068,0.328,0.8,Saïd,Benrahma,19,3,2,1,West Ham,Nott'm Forest
526,119,12,90.0,0.2,16.8,1.0,0.382,0.154,0.5359999999999999,1.4440000000000002,5.6,Jarrod,Bowen,19,3,2,1,West Ham,Nott'm Forest
527,119,12,0.0,0.0,0.0,0.0,0.0,0.0,0.0,0.0,0.0,Maxwel,Cornet,19,3,2,1,West Ham,Nott'm Forest
528,119,12,90.0,0.2,19.0,1.0,0.004,0.086,0.09,1.452,4.0,Vladimír,Coufal,19,2,2,1,West Ham,Nott'm Forest
529,119,12,0.0,0.0,0.0,0.0,0.0,0.0,0.0,0.0,0.0,Conor,Coventry,19,3,2,1,West Ham,Nott'm Forest
530,119,12,16.8,0.0,3.6,0.2,0.0,0.03,0.03,0.148,0.4,Aaron,Cresswell,19,2,2,1,West Ham,Nott'm Forest
531,119,12,0.0,0.0,0.0,0.0,0.0,0.0,0.0,0.0,0.0,Flynn,Downes,19,3,2,1,West Ham,Nott'm Forest
532,119,12,72.0,0.2,14.4,0.8,0.004,0.16799999999999998,0.172,1.2879999999999998,2.0,Emerson,Palmieri dos Santos,19,2,2,1,West Ham,Nott'm Forest
533,119,12,0.0,0.0,0.0,0.0,0.0,0.0,0.0,0.0,0.0,Lukasz,Fabianski,19,1,2,1,West Ham,Nott'm Forest
534,119,12,5.6,0.0,2.8,0.0,0.01,0.008,0.018000000000000002,0.08399999999999999,0.6,Pablo,Fornals Malla,19,3,2,1,West Ham,Nott'm Forest
535,119,12,7.0,0.0,1.2,0.0,0.0,0.0,0.0,0.15,0.4,Danny,Ings,19,4,2,1,West Ham,Nott'm Forest
536,119,12,0.0,0.0,0.0,0.0,0.0,0.0,0.0,0.0,0.0,Ben,Johnson,19,2,2,1,West Ham,Nott'm Forest
537,119,12,0.0,0.0,0.0,0.0,0.0,0.0,0.0,0.0,0.0,Thilo,Kehrer,19,2,2,1,West Ham,Nott'm Forest
538,119,12,0.0,0.0,0.0,0.0,0.0,0.0,0.0,0.0,0.0,Divin,Mubama,19,4,2,1,West Ham,Nott'm Forest
539,119,12,71.0,0.2,4.6,0.8,0.122,0.098,0.22000000000000003,1.1019999999999999,1.4,Lucas,Tolentino Coelho de Lima,19,3,2,1,West Ham,Nott'm Forest
540,111,12,87.6,0.6,19.4,1.0,0.04,0.05800000000000001,0.098,0.744,4.6,Declan,Rice,1,3,2,1,Arsenal,Burnley
541,119,12,0.0,0.0,0.0,0.0,0.0,0.0,0.0,0.0,0.0,Gianluca,Scamacca,19,4,2,1,West Ham,Nott'm Forest
542,119,12,67.6,0.2,10.8,0.8,0.378,0.008,0.386,1.2280000000000002,4.0,Tomáš,Souček,19,3,2,1,West Ham,Nott'm Forest
543,119,12,0.0,0.0,0.0,0.0,0.0,0.0,0.0,0.0,0.0,Nikola,Vlašić,19,3,2,1,West Ham,Nott'm Forest
544,119,12,72.0,0.2,12.0,0.8,0.062,0.0,0.062,1.1720000000000002,2.0,Kurt,Zouma,19,2,2,1,West Ham,Nott'm Forest
545,120,12,77.6,0.0,8.4,1.0,0.16399999999999998,0.08800000000000001,0.252,1.0219999999999998,1.2,Rayan,Aït-Nouri,20,2,3,1,Wolves,Spurs
546,120,12,0.0,0.0,0.0,0.0,0.0,0.0,0.0,0.0,0.0,Daniel,Bentley,20,1,3,1,Wolves,Spurs
547,120,12,0.0,0.0,0.0,0.0,0.0,0.0,0.0,0.0,0.0,Bendegúz,Bolla,20,2,3,1,Wolves,Spurs
548,120,12,0.0,0.0,0.0,0.0,0.0,0.0,0.0,0.0,0.0,Hugo,Bueno López,20,2,3,1,Wolves,Spurs
549,120,12,0.0,0.0,0.0,0.0,0.0,0.0,0.0,0.0,0.0,Francisco Jorge,Tomás Oliveira,20,3,3,1,Wolves,Spurs
550,120,12,0.0,0.0,0.0,0.0,0.0,0.0,0.0,0.0,0.0,Luke,Cundle,20,3,3,1,Wolves,Spurs
551,120,12,90.0,0.0,14.6,1.0,0.06,0.048,0.10800000000000001,1.2719999999999998,1.2,Craig,Dawson,20,2,3,1,Wolves,Spurs
552,120,12,3.4,0.0,-1.4,0.0,0.0,0.0,0.0,0.324,0.2,Fábio,Silva,20,4,3,1,Wolves,Spurs
553,118,12,2.2,0.0,0.6,0.0,0.0,0.0,0.0,0.05600000000000001,0.2,Ryan,Giles,12,2,4,0,Luton,Man Utd
554,120,12,0.0,0.0,0.0,0.0,0.0,0.0,0.0,0.0,0.0,Gonçalo Manuel,Ganchinho Guedes,20,3,3,1,Wolves,Spurs
555,120,12,0.0,0.0,0.0,0.0,0.0,0.0,0.0,0.0,0.0,Joe,Hodge,20,3,3,1,Wolves,Spurs
556,120,12,0.0,0.0,0.0,0.0,0.0,0.0,0.0,0.0,0.0,Ki-Jana,Hoever,20,2,3,1,Wolves,Spurs
557,120,12,88.0,0.0,22.2,1.0,0.372,0.166,0.538,1.1300000000000001,6.8,Hwang,Hee-chan,20,3,3,1,Wolves,Spurs
558,112,12,31.0,0.0,0.6,0.4,0.096,0.022,0.118,0.518,0.6,Raúl,Jiménez,10,4,3,0,Fulham,Aston Villa
559,120,12,36.6,0.0,3.2,0.6,0.004,0.006,0.01,0.4699999999999999,1.2,João Victor,Gomes da Silva,20,3,3,1,Wolves,Spurs
560,120,12,0.8,0.0,0.6,0.0,0.0,0.0,0.0,0.014000000000000002,0.2,Jonathan,Castro Otto,20,2,3,1,Wolves,Spurs
561,120,12,0.0,0.0,0.0,0.0,0.0,0.0,0.0,0.0,0.0,Bruno,Cavaco Jordão,20,3,3,1,Wolves,Spurs
562,120,12,19.0,0.2,10.0,0.2,0.11600000000000002,0.048,0.164,0.202,2.4,Sasa,Kalajdzic,20,4,3,1,Wolves,Spurs
563,120,12,90.0,0.0,16.0,1.0,0.0,0.016,0.016,1.2719999999999998,1.4,Max,Kilman,20,2,3,1,Wolves,Spurs
564,120,12,0.0,0.0,0.0,0.0,0.0,0.0,0.0,0.0,0.0,Tom,King,20,1,3,1,Wolves,Spurs
565,120,12,71.0,0.0,11.2,0.8,0.07200000000000001,0.012,0.084,1.25,2.2,Mario,Lemina,20,3,3,1,Wolves,Spurs
566,115,12,17.2,0.0,2.2,0.2,0.0,0.012,0.012,0.11800000000000002,0.6,Matheus Luiz,Nunes,13,3,3,0,Man City,Chelsea
567,120,12,69.2,0.0,12.4,0.8,0.16599999999999998,0.08600000000000001,0.252,1.016,3.6,Pedro,Lomba Neto,20,3,3,1,Wolves,Spurs
568,120,12,0.0,0.0,0.0,0.0,0.0,0.0,0.0,0.0,0.0,Daniel,Castelo Podence,20,3,3,1,Wolves,Spurs
569,120,12,90.0,0.0,14.0,1.0,0.0,0.0,0.0,1.2719999999999998,2.4,José,Malheiro de Sá,20,1,3,1,Wolves,Spurs
570,120,12,3.0,0.0,-0.4,0.0,0.014000000000000002,0.006,0.02,0.008,0.0,Pablo,Sarabia,20,3,3,1,Wolves,Spurs
571,120,12,0.0,0.0,0.0,0.0,0.0,0.0,0.0,0.0,0.0,Matija,Šarkić,20,1,3,1,Wolves,Spurs
572,120,12,72.0,0.0,7.2,0.8,0.039999999999999994,0.03,0.06799999999999999,1.15,1.0,Nélson,Cabral Semedo,20,2,3,1,Wolves,Spurs
573,120,12,84.8,0.0,12.4,1.0,0.0,0.012,0.012,1.082,2.4,Toti António,Gomes,20,2,3,1,Wolves,Spurs
574,120,12,41.4,0.0,7.0,0.4,0.008,0.026000000000000002,0.034,0.8559999999999999,1.0,Boubacar,Traoré,20,3,3,1,Wolves,Spurs
575,118,12,81.0,0.0,12.8,1.0,0.11000000000000001,0.028000000000000004,0.138,2.1380000000000003,2.4,Tom,Lockyer,12,2,4,0,Luton,Man Utd
576,114,12,83.0,0.0,14.6,0.8,0.002,0.017999999999999995,0.019999999999999997,1.7440000000000002,0.8,Jack,Robinson,17,2,3,0,Sheffield Utd,Brighton
577,119,12,0.0,0.0,0.0,0.0,0.0,0.0,0.0,0.0,0.0,Angelo,Ogbonna,19,2,2,1,West Ham,Nott'm Forest
578,111,12,7.6,0.0,1.4,0.0,0.0,0.01,0.01,0.06999999999999999,0.4,Reiss,Nelson,1,3,2,1,Arsenal,Burnley
579,116,12,0.0,0.0,0.0,0.0,0.0,0.0,0.0,0.0,0.0,Andy,Lonergan,9,1,2,0,Everton,Crystal Palace
580,113,12,0.0,0.0,0.0,0.0,0.0,0.0,0.0,0.0,0.0,Loris,Karius,15,1,2,0,Newcastle,Bournemouth
581,113,12,0.0,0.0,0.0,0.0,0.0,0.0,0.0,0.0,0.0,Paul,Dummett,15,2,2,0,Newcastle,Bournemouth
582,118,12,66.2,0.0,6.8,0.8,0.014000000000000002,0.076,0.09000000000000001,1.844,1.8,Pelly Ruddock,Mpanzu,12,3,4,0,Luton,Man Utd
583,120,12,4.2,0.0,1.6,0.0,0.004,0.016,0.02,0.01,0.2,Manor,Solomon,18,3,2,0,Spurs,Wolves
584,112,12,72.0,0.0,11.6,0.8,0.078,0.03,0.10800000000000001,0.9059999999999999,3.2,Pau,Torres,2,2,2,1,Aston Villa,Fulham
585,111,12,0.0,0.0,0.0,0.0,0.0,0.0,0.0,0.0,0.0,Jurriën,Timber,1,2,2,1,Arsenal,Burnley
586,118,12,29.4,0.0,2.2,0.2,0.018,0.032,0.05,0.67,0.8,Tahith,Chong,12,3,4,0,Luton,Man Utd
587,114,12,13.8,0.0,1.4,0.2,0.024,0.014000000000000002,0.038,0.378,0.4,Anis,Slimane,17,3,3,0,Sheffield Utd,Brighton
588,116,12,58.4,0.2,5.4,0.8,0.016,0.013999999999999999,0.03,1.258,0.6,Ashley,Young,9,2,2,0,Everton,Crystal Palace
589,115,12,0.0,0.0,0.0,0.0,0.0,0.0,0.0,0.0,0.0,Ângelo Gabriel,Borges Damaceno,7,3,5,1,Chelsea,Man City
590,120,12,84.2,0.0,12.2,1.0,0.158,0.154,0.312,1.1219999999999999,3.6,Matheus,Santos Carneiro Da Cunha,20,4,3,1,Wolves,Spurs
591,112,12,86.0,0.2,13.0,1.0,0.19,0.136,0.32599999999999996,1.008,3.8,Willian,Borges da Silva,10,3,3,0,Fulham,Aston Villa
592,114,12,4.8,0.0,0.4,0.0,0.0,0.0,0.0,0.078,0.0,Yasser,Larouci,17,2,3,0,Sheffield Utd,Brighton
593,114,12,1.2,0.0,0.6,0.0,0.0,0.0,0.0,0.014000000000000002,0.2,Bénie,Traoré,17,4,3,0,Sheffield Utd,Brighton
594,111,12,65.4,0.2,2.2,1.0,0.21799999999999997,0.041999999999999996,0.25999999999999995,1.554,1.4,Zeki,Amdouni,6,4,4,0,Burnley,Arsenal
595,113,12,66.0,0.0,6.2,0.8,0.02,0.018,0.038,1.8219999999999998,0.8,Milos,Kerkez,3,2,4,1,Bournemouth,Newcastle
596,111,12,108.0,0.0,22.8,1.2,0.0,0.0,0.0,2.3440000000000003,2.2,James,Trafford,6,1,4,0,Burnley,Arsenal
597,118,12,90.0,0.2,17.8,1.0,0.0,0.002,0.002,1.6179999999999999,3.0,André,Onana,14,1,2,1,Man Utd,Luton
598,120,12,30.2,0.0,4.2,0.2,0.0,0.05600000000000001,0.05600000000000001,0.37,0.8,Matt,Doherty,20,2,3,1,Wolves,Spurs
599,112,12,62.4,0.0,16.8,0.8,0.154,0.194,0.348,0.664,5.0,Moussa,Diaby,2,3,2,1,Aston Villa,Fulham
600,111,12,7.0,0.0,2.2,0.0,0.0,0.006,0.006,0.122,0.6,Nathan,Redmond,6,3,4,0,Burnley,Arsenal
601,116,12,3.2,0.0,1.4,0.0,0.0,0.002,0.002,0.124,0.4,Arnaut,Danjuma Groeneveld,9,3,2,0,Everton,Crystal Palace
602,118,12,55.2,0.0,5.8,0.6,0.0,0.024,0.024,1.3519999999999999,0.8,Issa,Kaboré,12,2,4,0,Luton,Man Utd
603,113,12,0.0,0.0,0.0,0.0,0.0,0.0,0.0,0.0,0.0,Harvey,Barnes,15,3,2,0,Newcastle,Bournemouth
604,119,12,14.0,0.0,2.6,0.2,0.0,0.0,0.0,0.606,0.4,Olu,Aina,16,2,3,0,Nott'm Forest,West Ham
605,111,12,72.4,0.2,4.2,0.8,0.24999999999999994,0.094,0.344,1.208,2.0,Luca,Koleosho,6,3,4,0,Burnley,Arsenal
606,114,12,48.6,0.0,8.0,0.6,0.008,0.004,0.012,0.734,0.8,Igor Julio,dos Santos de Paulo,5,2,2,1,Brighton,Sheffield Utd
607,113,12,36.0,0.0,6.2,0.4,0.0,0.0,0.0,0.5519999999999999,0.4,Ionuț,Radu,3,1,4,1,Bournemouth,Newcastle
608,111,12,19.0,0.0,7.2,0.0,0.05,0.01,0.06000000000000001,0.44000000000000006,2.2,Jacob,Bruun Larsen,6,3,4,0,Burnley,Arsenal
609,115,12,14.4,0.0,1.8,0.0,0.028000000000000004,0.024,0.052000000000000005,0.576,0.6,Ian,Maatsen,7,3,5,1,Chelsea,Man City
610,112,12,57.8,0.0,9.4,0.6,0.01,0.002,0.012,0.708,1.2,Calvin,Bassey,10,2,3,0,Fulham,Aston Villa
611,115,12,49.2,0.2,10.0,0.6,0.016,0.05,0.066,0.4720000000000001,2.0,Axel,Disasi,7,2,5,1,Chelsea,Man City
613,115,12,4.2,0.0,1.6,0.0,0.0,0.002,0.002,0.33799999999999997,0.4,Lesley,Ugochukwu,7,3,5,1,Chelsea,Man City
614,118,12,90.0,0.0,16.2,1.0,0.0,0.002,0.002,2.258,2.4,Thomas,Kaminski,12,1,4,0,Luton,Man Utd
615,116,12,6.2,0.0,1.6,0.0,0.016,0.016,0.032,0.072,0.4,Matheus,França de Oliveira,8,3,2,1,Crystal Palace,Everton
616,115,12,54.0,0.2,11.2,0.6,0.026000000000000002,0.016,0.041999999999999996,0.454,2.0,Joško,Gvardiol,13,2,3,0,Man City,Chelsea
617,118,12,78.4,0.2,2.4,1.0,0.20400000000000001,0.038,0.24200000000000005,1.3539999999999999,2.0,Rasmus,Højlund,14,4,2,1,Man Utd,Luton
618,112,12,0.0,0.0,0.0,0.0,0.0,0.0,0.0,0.0,0.0,Omari,Kellyman,2,3,2,1,Aston Villa,Fulham
619,113,12,0.0,0.0,0.0,0.0,0.0,0.0,0.0,0.0,0.0,Ben,Greenwood,3,2,4,1,Bournemouth,Newcastle
620,117,12,0.6,0.0,1.0,0.0,0.016,0.0,0.016,0.052000000000000005,0.4,Michael,Olakigbe,4,3,4,0,Brentford,Liverpool
621,114,12,17.0,0.0,2.4,0.2,0.0,0.004,0.004,0.256,0.4,Jack,Hinshelwood,5,3,2,1,Brighton,Sheffield Utd
622,111,12,0.0,0.0,0.0,0.0,0.0,0.0,0.0,0.0,0.0,Owen,Dodgson,6,2,4,0,Burnley,Arsenal
623,115,12,0.0,0.0,0.0,0.0,0.0,0.0,0.0,0.0,0.0,Mason,Burstow,7,4,5,1,Chelsea,Man City
624,116,12,0.0,0.0,0.0,0.0,0.0,0.0,0.0,0.0,0.0,Lewis,Dobbin,9,3,2,0,Everton,Crystal Palace
625,112,12,0.0,0.0,0.0,0.0,0.0,0.0,0.0,0.0,0.0,Luc,De Fougerolles,10,2,3,0,Fulham,Aston Villa
626,117,12,0.0,0.0,0.0,0.0,0.0,0.0,0.0,0.0,0.0,Jarell,Quansah,11,2,3,1,Liverpool,Brentford
627,117,12,0.0,0.0,0.0,0.0,0.0,0.0,0.0,0.0,0.0,Bobby,Clark,11,3,3,1,Liverpool,Brentford
628,117,12,0.0,0.0,0.0,0.0,0.0,0.0,0.0,0.0,0.0,Ben,Doak,11,3,3,1,Liverpool,Brentford
629,117,12,0.0,0.0,0.0,0.0,0.0,0.0,0.0,0.0,0.0,James,McConnell,11,3,3,1,Liverpool,Brentford
630,118,12,23.4,0.0,3.6,0.2,0.052000000000000005,0.008,0.06000000000000001,0.49800000000000005,0.8,Ross,Barkley,12,3,4,0,Luton,Man Utd
631,118,12,70.2,0.0,1.0,1.0,0.186,0.019999999999999997,0.20600000000000002,2.1420000000000003,1.6,Jacob,Brown,12,4,4,0,Luton,Man Utd
632,118,12,0.0,0.0,0.0,0.0,0.0,0.0,0.0,0.0,0.0,Omari,Forson,14,3,2,1,Man Utd,Luton
633,113,12,13.4,0.0,1.0,0.0,0.0,0.0,0.0,0.202,0.4,Tino,Livramento,15,2,2,0,Newcastle,Bournemouth
634,113,12,0.0,0.0,0.0,0.0,0.0,0.0,0.0,0.0,0.0,Alex,Murphy,15,2,2,0,Newcastle,Bournemouth
635,113,12,0.0,0.0,0.0,0.0,0.0,0.0,0.0,0.0,0.0,Lewis,Miley,15,3,2,0,Newcastle,Bournemouth
636,119,12,0.0,0.0,0.0,0.0,0.0,0.0,0.0,0.0,0.0,George,Shelvey,16,1,3,0,Nott'm Forest,West Ham
637,119,12,0.0,0.0,0.0,0.0,0.0,0.0,0.0,0.0,0.0,Josh,Powell,16,2,3,0,Nott'm Forest,West Ham
638,114,12,90.0,0.0,10.8,1.0,0.018,0.014000000000000002,0.03200000000000001,1.888,2.0,Vini,de Souza Costa,17,3,3,0,Sheffield Utd,Brighton
639,120,12,72.0,0.4,20.4,0.8,0.062,0.01,0.072,0.7660000000000001,5.0,Micky,van de Ven,18,2,2,0,Spurs,Wolves
640,120,12,0.0,0.0,0.0,0.0,0.0,0.0,0.0,0.0,0.0,Dane,Scarlett,18,4,2,0,Spurs,Wolves
641,120,12,2.0,0.0,0.4,0.0,0.0,0.0,0.0,0.178,0.4,Alejo,Véliz,18,4,2,0,Spurs,Wolves
642,119,12,68.2,0.2,8.4,0.8,0.04,0.012,0.052000000000000005,1.108,2.0,Edson,Álvarez Velázquez,19,3,2,1,West Ham,Nott'm Forest
643,113,12,71.6,0.0,10.0,0.8,0.0,0.10200000000000001,0.10200000000000001,1.572,1.2,Max,Aarons,3,2,4,1,Bournemouth,Newcastle
644,113,12,37.8,0.0,4.2,0.6,0.014000000000000002,0.018,0.032,0.47000000000000003,0.6,Alex,Scott,3,3,4,1,Bournemouth,Newcastle
645,116,12,0.8,0.0,1.0,0.0,0.0,0.0,0.0,0.124,0.6,Youssef,Ramalho Chermiti,9,4,2,0,Everton,Crystal Palace
646,111,12,0.0,0.0,0.0,0.0,0.0,0.0,0.0,0.0,0.0,Karl,Hein,1,1,2,1,Arsenal,Burnley
647,119,12,0.0,0.0,0.0,0.0,0.0,0.0,0.0,0.0,0.0,Joseph,Anang,19,1,2,1,West Ham,Nott'm Forest
648,118,12,0.0,0.0,0.0,0.0,0.0,0.0,0.0,0.0,0.0,Aidan,Francis-Clarke,12,2,4,0,Luton,Man Utd
649,116,12,0.0,0.0,0.0,0.0,0.0,0.0,0.0,0.0,0.0,Thomas,Cannon,9,4,2,0,Everton,Crystal Palace
650,116,12,0.0,0.0,0.0,0.0,0.0,0.0,0.0,0.0,0.0,Tyler,Onyango,9,3,2,0,Everton,Crystal Palace
651,112,12,0.0,0.0,0.0,0.0,0.0,0.0,0.0,0.0,0.0,Jay,Stansfield,10,4,3,0,Fulham,Aston Villa
652,112,12,0.0,0.0,0.0,0.0,0.0,0.0,0.0,0.0,0.0,Matthew,Dibley-Dias,10,3,3,0,Fulham,Aston Villa
653,114,12,0.0,0.0,0.0,0.0,0.0,0.0,0.0,0.0,0.0,Femi,Seriki,17,2,3,0,Sheffield Utd,Brighton
654,114,12,0.0,0.0,0.0,0.0,0.0,0.0,0.0,0.0,0.0,Louie,Marsh,17,4,3,0,Sheffield Utd,Brighton
655,114,12,0.0,0.0,0.0,0.0,0.0,0.0,0.0,0.0,0.0,Andre,Brooks,17,3,3,0,Sheffield Utd,Brighton
656,114,12,0.0,0.0,0.0,0.0,0.0,0.0,0.0,0.0,0.0,Antwoine,Hackford,17,4,3,0,Sheffield Utd,Brighton
657,116,12,24.6,0.2,2.4,0.0,0.078,0.012,0.08800000000000001,0.514,1.0,Jesurun,Rak-Sakyi,8,3,2,1,Crystal Palace,Everton
658,116,12,0.0,0.0,0.0,0.0,0.0,0.0,0.0,0.0,0.0,John-Kymani,Gordon,8,4,2,1,Crystal Palace,Everton
659,115,12,0.0,0.0,0.0,0.0,0.0,0.0,0.0,0.0,0.0,Lucas,Bergström,7,1,5,1,Chelsea,Man City
660,111,12,31.6,0.0,8.4,0.4,0.06000000000000001,0.144,0.20400000000000001,1.146,1.8,Wilson,Odobert,6,3,4,0,Burnley,Arsenal
661,116,12,69.4,0.4,13.4,0.8,0.096,0.03,0.126,0.45600000000000007,4.8,Jack,Harrison,9,3,2,0,Everton,Crystal Palace
662,112,12,0.0,0.0,0.0,0.0,0.0,0.0,0.0,0.0,0.0,Adama,Traoré,10,3,3,0,Fulham,Aston Villa
663,114,12,79.4,0.0,6.8,1.0,0.030000000000000006,0.086,0.11599999999999999,1.4460000000000002,1.8,Gustavo,Hamer,17,3,3,0,Sheffield Utd,Brighton
664,119,12,86.4,0.2,18.4,1.0,0.062,0.374,0.43599999999999994,1.436,2.4,James,Ward-Prowse,19,3,2,1,West Ham,Nott'm Forest
665,118,12,0.0,0.0,0.0,0.0,0.0,0.0,0.0,0.0,0.0,Tim,Krul,12,1,4,0,Luton,Man Utd
666,114,12,4.0,0.0,0.6,0.0,0.0,0.004,0.004,0.094,0.2,Tom,Davies,17,3,3,0,Sheffield Utd,Brighton
667,115,12,0.0,0.0,0.0,0.0,0.0,0.0,0.0,0.0,0.0,Roméo,Lavia,7,3,5,1,Chelsea,Man City
668,117,12,5.4,0.0,1.0,0.0,0.0,0.0,0.0,0.196,0.4,Wataru,Endo,11,3,3,1,Liverpool,Brentford
669,118,12,0.0,0.0,0.0,0.0,0.0,0.0,0.0,0.0,0.0,Radek,Vítek,14,1,2,1,Man Utd,Luton
670,112,12,0.0,0.0,0.0,0.0,0.0,0.0,0.0,0.0,0.0,Filip,Marschall,2,1,2,1,Aston Villa,Fulham
671,115,12,0.0,0.0,0.0,0.0,0.0,0.0,0.0,0.0,0.0,Bashir,Humphreys,7,2,5,1,Chelsea,Man City
672,112,12,40.8,0.0,-1.8,0.6,0.16199999999999998,0.024,0.186,0.6020000000000001,0.8,Nicolò,Zaniolo,2,3,2,1,Aston Villa,Fulham
673,113,12,0.0,0.0,0.0,0.0,0.0,0.0,0.0,0.0,0.0,Tyler,Adams,3,3,4,1,Bournemouth,Newcastle
674,111,12,20.2,0.0,3.6,0.2,0.0,0.0,0.0,0.362,0.4,Hannes,Delcroix,6,2,4,0,Burnley,Arsenal
675,111,12,22.8,0.0,1.6,0.2,0.0,0.0,0.0,0.514,0.8,Aaron,Ramsey,6,3,4,0,Burnley,Arsenal
676,119,12,18.2,0.0,0.2,0.2,0.006,0.0,0.006,0.29,-0.2,Konstantinos,Mavropanos,19,2,2,1,West Ham,Nott'm Forest
677,115,12,1.8,0.0,0.6,0.0,0.094,0.0,0.094,0.32799999999999996,0.2,Deivid Washington,de Souza Eugênio,7,4,5,1,Chelsea,Man City
678,115,12,55.8,0.0,24.4,0.6,0.082,0.154,0.23600000000000004,0.42000000000000004,6.2,Jérémy,Doku,13,3,3,0,Man City,Chelsea
679,119,12,9.0,0.0,0.6,0.0,0.018,0.002,0.02,0.088,0.2,Gonzalo,Montiel,16,2,3,0,Nott'm Forest,West Ham
680,115,12,0.0,0.0,0.0,0.0,0.0,0.0,0.0,0.0,0.0,Eddie,Beach,7,1,5,1,Chelsea,Man City
681,115,12,0.0,0.0,0.0,0.0,0.0,0.0,0.0,0.0,0.0,Diego Manuel Jadon,da Silva Moreira,7,3,5,1,Chelsea,Man City
682,118,12,0.0,0.0,0.0,0.0,0.0,0.0,0.0,0.0,0.0,Joseph,Johnson,12,2,4,0,Luton,Man Utd
683,112,12,0.0,0.0,0.0,0.0,0.0,0.0,0.0,0.0,0.0,Luke,Harris,10,3,3,0,Fulham,Aston Villa
684,117,12,0.0,0.0,0.0,0.0,0.0,0.0,0.0,0.0,0.0,Ethan,Brierley,4,3,4,0,Brentford,Liverpool
685,118,12,0.0,0.0,0.0,0.0,0.0,0.0,0.0,0.0,0.0,Daniel,Gore,14,3,2,1,Man Utd,Luton
686,112,12,0.0,0.0,0.0,0.0,0.0,0.0,0.0,0.0,0.0,Oliwier,Zych,2,1,2,1,Aston Villa,Fulham
687,115,12,0.0,0.0,0.0,0.0,0.0,0.0,0.0,0.0,0.0,Djordje,Petrovic,7,1,5,1,Chelsea,Man City
688,112,12,90.0,0.0,10.4,1.0,0.018,0.094,0.11200000000000002,1.1640000000000001,1.6,Timothy,Castagne,10,2,3,0,Fulham,Aston Villa
689,119,12,47.0,0.0,13.0,0.4,0.144,0.068,0.21200000000000002,0.582,4.2,Mohammed,Kudus,19,3,2,1,West Ham,Nott'm Forest
690,114,12,45.8,0.0,4.0,0.6,0.054000000000000006,0.004,0.057999999999999996,0.7340000000000001,1.2,Carlos,Baleba,5,3,2,1,Brighton,Sheffield Utd
691,116,12,13.4,0.0,0.2,0.0,0.126,0.002,0.128,0.32199999999999995,0.8,Norberto Bercique,Gomes Betuncal,9,4,2,0,Everton,Crystal Palace
692,112,12,0.0,0.0,0.0,0.0,0.0,0.0,0.0,0.0,0.0,Steven,Benda,10,1,3,0,Fulham,Aston Villa
693,114,12,85.0,0.0,9.0,1.0,0.012,0.026000000000000002,0.038,1.81,1.0,Luke,Thomas,17,2,3,0,Sheffield Utd,Brighton
694,111,12,0.0,0.0,0.0,0.0,0.0,0.0,0.0,0.0,0.0,Han-Noah,Massengo,6,3,4,0,Burnley,Arsenal
695,118,12,0.0,0.0,0.0,0.0,0.0,0.0,0.0,0.0,0.0,Altay,Bayindir,14,1,2,1,Man Utd,Luton
696,119,12,72.0,0.2,15.2,0.8,0.134,0.016,0.14999999999999997,1.434,2.0,Murillo,Santiago Costa dos Santos,16,2,3,0,Nott'm Forest,West Ham
697,120,12,0.0,0.0,0.0,0.0,0.0,0.0,0.0,0.0,0.0,Santiago,Bueno,20,2,3,1,Wolves,Spurs
698,120,12,0.0,0.0,0.0,0.0,0.0,0.0,0.0,0.0,0.0,Enso,González,20,3,3,1,Wolves,Spurs
699,112,12,0.0,0.0,0.0,0.0,0.0,0.0,0.0,0.0,0.0,Clément,Lenglet,2,2,2,1,Aston Villa,Fulham
700,114,12,25.0,0.0,9.8,0.0,0.21199999999999997,0.042,0.254,0.318,3.0,Anssumane,Fati Vieira,5,3,2,1,Brighton,Sheffield Utd
701,117,12,8.2,0.0,5.8,0.0,0.02,0.072,0.092,0.396,1.6,Saman,Ghoddos,4,3,4,0,Brentford,Liverpool
702,120,12,0.0,0.0,0.0,0.0,0.0,0.0,0.0,0.0,0.0,Ashley,Phillips,18,2,2,0,Spurs,Wolves
703,118,12,70.6,0.2,12.8,0.8,0.012,0.008,0.02,1.45,2.0,Jonny,Evans,14,2,2,1,Man Utd,Luton
704,120,12,0.0,0.0,0.0,0.0,0.0,0.0,0.0,0.0,0.0,Nathan,Fraser,20,4,3,1,Wolves,Spurs
705,113,12,16.4,0.0,6.6,0.0,0.05600000000000001,0.062,0.11800000000000002,0.646,1.6,Luis,Sinisterra,3,3,4,1,Bournemouth,Newcastle
706,111,12,27.6,0.0,2.2,0.4,0.05,0.014000000000000002,0.06399999999999999,0.868,1.2,Mike,Trésor,6,3,4,0,Burnley,Arsenal
707,112,12,0.0,0.0,0.0,0.0,0.0,0.0,0.0,0.0,0.0,Fodé,Ballo-Touré,10,2,3,0,Fulham,Aston Villa
708,117,12,34.8,0.2,4.4,0.4,0.17,0.016,0.186,0.41,1.2,Ryan,Gravenberch,11,3,3,1,Liverpool,Brentford
709,118,12,62.2,0.0,6.2,0.8,0.004,0.036,0.04,0.9359999999999999,1.0,Sofyan,Amrabat,14,3,2,1,Man Utd,Luton
710,119,12,0.0,0.0,0.0,0.0,0.0,0.0,0.0,0.0,0.0,Odysseas,Vlachodimos,16,1,3,0,Nott'm Forest,West Ham
711,119,12,0.0,0.0,0.0,0.0,0.0,0.0,0.0,0.0,0.0,Andrew,Omobamidele,16,2,3,0,Nott'm Forest,West Ham
712,119,12,62.8,0.4,12.8,0.8,0.04,0.044,0.08399999999999999,0.9460000000000001,3.4,Nicolás,Domínguez,16,3,3,0,Nott'm Forest,West Ham
713,119,12,63.6,0.4,3.0,0.8,0.11000000000000001,0.019999999999999997,0.13000000000000003,1.042,1.4,Ibrahim,Sangaré,16,3,3,0,Nott'm Forest,West Ham
714,119,12,4.8,0.0,2.0,0.0,0.0,0.032,0.032,0.172,0.4,Divock,Origi,16,4,3,0,Nott'm Forest,West Ham
715,120,12,5.8,0.0,4.2,0.0,0.022,0.01,0.032,0.19,1.4,Jean-Ricner,Bellegarde,20,3,3,1,Wolves,Spurs
716,115,12,0.0,0.0,0.0,0.0,0.0,0.0,0.0,0.0,0.0,Alfie,Gilchrist,7,2,5,1,Chelsea,Man City
717,115,12,0.0,0.0,0.0,0.0,0.0,0.0,0.0,0.0,0.0,Ronnie,Stutter,7,4,5,1,Chelsea,Man City
718,115,12,0.2,0.0,0.4,0.0,0.0,0.0,0.0,0.0,0.2,Alex,Matos,7,3,5,1,Chelsea,Man City
719,116,12,0.0,0.0,0.0,0.0,0.0,0.0,0.0,0.0,0.0,Mackenzie,Hunt,9,3,2,0,Everton,Crystal Palace
720,116,12,0.0,0.0,0.0,0.0,0.0,0.0,0.0,0.0,0.0,Ademola,Ola-Adebomi,8,4,2,1,Crystal Palace,Everton
721,116,12,0.6,0.0,0.6,0.0,0.0,0.0,0.0,0.0,0.2,David,Ozoh,8,3,2,1,Crystal Palace,Everton
722,120,12,0.0,0.0,0.0,0.0,0.0,0.0,0.0,0.0,0.0,Jamie,Donley,18,4,2,0,Spurs,Wolves
723,115,12,0.0,0.0,0.0,0.0,0.0,0.0,0.0,0.0,0.0,Josh,Brooking,7,2,5,1,Chelsea,Man City
724,116,12,0.0,0.0,0.0,0.0,0.0,0.0,0.0,0.0,0.0,Jadan,Raymond,8,3,2,1,Crystal Palace,Everton
725,117,12,0.0,0.0,0.0,0.0,0.0,0.0,0.0,0.0,0.0,Ji-Soo,Kim,4,2,4,0,Brentford,Liverpool
726,117,12,0.0,0.0,0.0,0.0,0.0,0.0,0.0,0.0,0.0,Luke,Chambers,11,2,3,1,Liverpool,Brentford
727,118,12,17.0,0.0,8.333333333333334,0.0,0.0,0.09000000000000001,0.09000000000000001,0.17333333333333334,1.6666666666666667,Andros,Townsend,12,3,4,0,Luton,Man Utd
728,117,12,0.0,0.0,0.0,0.0,0.0,0.0,0.0,0.0,0.0,Callum,Scanlon,11,2,3,1,Liverpool,Brentford
729,118,12,0.0,0.0,0.0,0.0,0.0,0.0,0.0,0.0,0.0,Jayden,Luker,12,3,4,0,Luton,Man Utd
730,114,12,2.3333333333333335,0.0,1.0,0.0,0.0,0.0,0.0,0.4266666666666667,0.3333333333333333,Ryan,Oné,17,3,3,0,Sheffield Utd,Brighton
731,114,12,0.0,0.0,0.0,0.0,0.0,0.0,0.0,0.0,0.0,Jili,Buyabu,17,2,3,0,Sheffield Utd,Brighton
732,112,12,0.0,0.0,0.0,0.0,0.0,0.0,0.0,0.0,0.0,Devan,Tanton,10,2,3,0,Fulham,Aston Villa
733,117,12,0.0,0.0,0.0,0.0,0.0,0.0,0.0,0.0,0.0,Valintino,Adedokun,4,2,4,0,Brentford,Liverpool
